Workbook

Sheet onglet 1
A1: ISO | B1: Country | C1: region | D1: Data source | E1: Sector | F1: Gas | G1: Unit | H1: 2050 | I1: 2049 | J1: 2048 | K1: 2047 | L1: 2046 | M1: 2045 | N1: 2044 | O1: 2043 | P1: 2042 | Q1: 2041 | R1: 2040 | S1: 2039 | T1: 2038 | U1: 2037 | V1: 2036 | W1: 2035 | X1: 2034 | Y1: 2033 | Z1: 2032 | AA1: 2031 | AB1: 2030 | AC1: 2029 | AD1: 2028 | AE1: 2027 | AF1: 2026 | AG1: 2025 | AH1: 2024 | AI1: 2023 | AJ1: 2022 | AK1: 2021 | AL1: 2020 | AM1: 2019 | AN1: 2018 | AO1: 2017 | AP1: 2016 | AQ1: 2015 | AR1: 2014 | AS1: 2013 | AT1: 2012 | AU1: 2011 | AV1: 2010 | AW1: 2009 | AX1: 2008 | AY1: 2007 | AZ1: 2006 | BA1: 2005 | BB1: 2004 | BC1: 2003 | BD1: 2002 | BE1: 2001 | BF1: 2000 | BG1: 1999 | BH1: 1998 | BI1: 1997 | BJ1: 1996 | BK1: 1995 | BL1: 1994 | BM1: 1993 | BN1: 1992 | BO1: 1991 | BP1: 1990 | BQ1: TCAM(2000-2010) | BR1: TCAM(2010-2019)
A2: WORLD | B2: World | C2: =VLOOKUP(historical_emissions[[#This Row],[Country]],'Liste-Pays'!A:B,2,0) -> World | D2: Climate Watch | E2: Total including LUCF | F2: CO2 | G2: MtCO₂e | H2: =I2*(1+$BR2) -> 58576.744 | I2: =J2*(1+$BR2) -> 57930.7 | J2: =K2*(1+$BR2) -> 57291.782 | K2: =L2*(1+$BR2) -> 56659.909 | L2: =M2*(1+$BR2) -> 56035.006 | M2: =N2*(1+$BR2) -> 55416.995 | N2: =O2*(1+$BR2) -> 54805.8 | O2: =P2*(1+$BR2) -> 54201.346 | ... Y2: =Z2*(1+$BR2) -> 48511.595 | Z2: =AA2*(1+$BQ2) -> 47976.56 | AA2: =AB2*(1+$BQ2) -> 46758.546 | AB2: =AC2*(1+$BQ2) -> 45571.455 | AC2: =AD2*(1+$BQ2) -> 44414.501 | AD2: =AE2*(1+$BQ2) -> 43286.919 | AE2: =AF2*(1+$BQ2) -> 42187.964 | AF2: =AG2*(1+$BQ2) -> 41116.91 | AG2: =AH2*(1+$BQ2) -> 40073.046 | ... AI2: =AJ2*(1+$BQ2) -> 38064.151 | AJ2: 37097.79 | AK2: 36764.09 | AL2: 34878.72 | AM2: 36990.83 | AN2: 36804.24 | AO2: 35848.27 | AP2: 35331.65 | AQ2: 34674.54 | AR2: 34821.75 | AS2: 34424.88 | AT2: 33777.75 | AU2: 33401.41 | AV2: 33476.96 | AW2: 31890.67 | AX2: 32004.56 | AY2: 31795.84 | AZ2: 31108.35 | BA2: 29885.52 | BB2: 29047.79 | BC2: 27587.62 | BD2: 26711.12 | BE2: 25975.6 | BF2: 25886 | BG2: 25218.47 | BH2: 25144.99 | BI2: 25536.99 | BJ2: 24427.66 | BK2: 24078.35 | BL2: 23452.62 | BM2: 23307.59 | BN2: 23161.98 | BO2: 23208.89 | BP2: 23052.66 | BQ2: =((AV2/BF2)^(1/(2010-2000)))-1 -> 0.026049012 | BR2: =((AM2/AV2)^(1/(2019-2010)))-1 -> 0.011152014
A3: WORLD | B3: World | C3: =VLOOKUP(historical_emissions[[#This Row],[Country]],'Liste-Pays'!A:B,2,0) -> World | D3: Climate Watch | E3: Energy | F3: CO2 | G3: MtCO₂e | H3: =I3*(1+$BR3) -> 54416.576 | I3: =J3*(1+$BR3) -> 53847.281 | J3: =K3*(1+$BR3) -> 53283.943 | K3: =L3*(1+$BR3) -> 52726.498 | L3: =M3*(1+$BR3) -> 52174.884 | M3: =N3*(1+$BR3) -> 51629.042 | N3: =O3*(1+$BR3) -> 51088.91 | O3: =P3*(1+$BR3) -> 50554.429 | ... Y3: =Z3*(1+$BR3) -> 45507.704 | Z3: =AA3*(1+$BQ3) -> 45031.612 | AA3: =AB3*(1+$BQ3) -> 43832.273 | AB3: =AC3*(1+$BQ3) -> 42664.877 | AC3: =AD3*(1+$BQ3) -> 41528.572 | AD3: =AE3*(1+$BQ3) -> 40422.53 | AE3: =AF3*(1+$BQ3) -> 39345.947 | AF3: =AG3*(1+$BQ3) -> 38298.036 | AG3: =AH3*(1+$BQ3) -> 37278.034 | ... AI3: =AJ3*(1+$BQ3) -> 35318.805 | AJ3: 34378.15 | AK3: 33944.44 | AL3: 32079.31 | AM3: 33905.55 | AN3: 33961.58 | AO3: 33200.14 | AP3: 32672.54 | AQ3: 32652.25 | AR3: 32767.54 | AS3: 32680.89 | AT3: 32084.47 | AU3: 31750.41 | AV3: 30843.52 | AW3: 29048.01 | AX3: 29498.92 | AY3: 29289.41 | AZ3: 28254.61 | BA3: 27407.85 | BB3: 26434.4 | BC3: 25283.1 | BD3: 24212.38 | BE3: 23880.51 | BF3: 23546.64 | BG3: 22857.52 | BH3: 22719.06 | BI3: 22552.84 | BJ3: 22158.58 | BK3: 21689.61 | BL3: 21102.75 | BM3: 20994.79 | BN3: 20873.09 | BO3: 20941.2 | BP3: 20796.98 | BQ3: =((AV3/BF3)^(1/(2010-2000)))-1 -> 0.027362003 | BR3: =((AM3/AV3)^(1/(2019-2010)))-1 -> 0.01057239
A4: CHN | B4: China | C4: =VLOOKUP(historical_emissions[[#This Row],[Country]],'Liste-Pays'!A:B,2,0) -> CHI | D4: Climate Watch | E4: Total including LUCF | F4: CO2 | G4: MtCO₂e | H4: =I4*(1+$BR4) -> 44992.252 | I4: =J4*(1+$BR4) -> 43917.33 | J4: =K4*(1+$BR4) -> 42868.088 | K4: =L4*(1+$BR4) -> 41843.914 | L4: =M4*(1+$BR4) -> 40844.209 | M4: =N4*(1+$BR4) -> 39868.388 | N4: =O4*(1+$BR4) -> 38915.881 | O4: =P4*(1+$BR4) -> 37986.131 | ... Y4: =Z4*(1+$BR4) -> 29826.82 | Z4: =AA4*(1+$BQ4) -> 29114.219 | AA4: =AB4*(1+$BQ4) -> 26338.287 | AB4: =AC4*(1+$BQ4) -> 23827.029 | AC4: =AD4*(1+$BQ4) -> 21555.211 | AD4: =AE4*(1+$BQ4) -> 19500.002 | AE4: =AF4*(1+$BQ4) -> 17640.75 | AF4: =AG4*(1+$BQ4) -> 15958.77 | AG4: =AH4*(1+$BQ4) -> 14437.161 | ... AI4: =AJ4*(1+$BQ4) -> 11815.349 | AJ4: 10688.8 | AK4: 10734.63 | AL4: 10190.85 | AM4: 10077.44 | AN4: 9853.69 | AO4: 9392.5 | AP4: 9181.1 | AQ4: 9111.39 | AR4: 9256.88 | AS4: 9227.79 | AT4: 8794.16 | AU4: 8534.55 | AV4: 8106.51 | AW4: 7348.88 | AX4: 6829.82 | AY4: 6621.3 | AZ4: 6070.7 | BA4: 5465.92 | BB4: 4752.76 | BC4: 4070.73 | BD4: 3443.96 | BE4: 3174.78 | BF4: 2976.17 | BG4: 2802.53 | BH4: 2885.43 | BI4: 2783.35 | BJ4: 2719.94 | BK4: 2738.26 | BL4: 2417.56 | BM4: 2295.62 | BN4: 2068.89 | BO4: 1953.17 | BP4: 1824.64 | BQ4: =((AV4/BF4)^(1/(2010-2000)))-1 -> 0.10539531 | BR4: =((AM4/AV4)^(1/(2019-2010)))-1 -> 0.024476052
A5: CHN | B5: China | C5: =VLOOKUP(historical_emissions[[#This Row],[Country]],'Liste-Pays'!A:B,2,0) -> CHI | D5: Climate Watch | E5: Energy | F5: CO2 | G5: MtCO₂e | H5: =I5*(1+$BR5) -> 43398.968 | I5: =J5*(1+$BR5) -> 42259.953 | J5: =K5*(1+$BR5) -> 41150.832 | K5: =L5*(1+$BR5) -> 40070.82 | L5: =M5*(1+$BR5) -> 39019.154 | M5: =N5*(1+$BR5) -> 37995.088 | N5: =O5*(1+$BR5) -> 36997.899 | O5: =P5*(1+$BR5) -> 36026.882 | ... Y5: =Z5*(1+$BR5) -> 27613.584 | Z5: =AA5*(1+$BQ5) -> 26888.86 | AA5: =AB5*(1+$BQ5) -> 24502.977 | AB5: =AC5*(1+$BQ5) -> 22328.796 | AC5: =AD5*(1+$BQ5) -> 20347.534 | AD5: =AE5*(1+$BQ5) -> 18542.071 | AE5: =AF5*(1+$BQ5) -> 16896.809 | AF5: =AG5*(1+$BQ5) -> 15397.533 | AG5: =AH5*(1+$BQ5) -> 14031.29 | ... AI5: =AJ5*(1+$BQ5) -> 11651.733 | AJ5: 10617.86 | AK5: 10579.99 | AL5: 10010 | AM5: 9919.39 | AN5: 9748.89 | AO5: 9299.81 | AP5: 9100.91 | AQ5: 9113.07 | AR5: 9207.76 | AS5: 9200.27 | AT5: 8799.53 | AU5: 8546.02 | AV5: 7807.85 | AW5: 7105.31 | AX5: 6642.96 | AY5: 6445.15 | AZ5: 5938.66 | BA5: 5384.36 | BB5: 4720.71 | BC5: 4053.2 | BD5: 3496.14 | BE5: 3238.66 | BF5: 3083.16 | BG5: 2925.34 | BH5: 3024.86 | BI5: 2931.18 | BJ5: 2877.57 | BK5: 2904.0 | BL5: 2603.25 | BM5: 2502.6 | BN5: 2295.78 | BO5: 2200.89 | BP5: 2088.85 | BQ5: =((AV5/BF5)^(1/(2010-2000)))-1 -> 0.097371154 | BR5: =((AM5/AV5)^(1/(2019-2010)))-1 -> 0.026952578
A6: WORLD | B6: World | C6: =VLOOKUP(historical_emissions[[#This Row],[Country]],'Liste-Pays'!A:B,2,0) -> World | D6: Climate Watch | E6: Total including LUCF | F6: CH4 | G6: MtCO₂e | H6: =I6*(1+$BR6) -> 11710.383 | I6: =J6*(1+$BR6) -> 11639.901 | J6: =K6*(1+$BR6) -> 11569.844 | K6: =L6*(1+$BR6) -> 11500.208 | L6: =M6*(1+$BR6) -> 11430.991 | M6: =N6*(1+$BR6) -> 11362.191 | N6: =O6*(1+$BR6) -> 11293.805 | O6: =P6*(1+$BR6) -> 11225.83 | ... Y6: =Z6*(1+$BR6) -> 10568.185 | Z6: =AA6*(1+$BQ6) -> 10504.578 | AA6: =AB6*(1+$BQ6) -> 10410.184 | AB6: =AC6*(1+$BQ6) -> 10316.639 | AC6: =AD6*(1+$BQ6) -> 10223.934 | AD6: =AE6*(1+$BQ6) -> 10132.062 | AE6: =AF6*(1+$BQ6) -> 10041.016 | AF6: =AG6*(1+$BQ6) -> 9950.7873 | AG6: =AH6*(1+$BQ6) -> 9861.37 | ... AI6: =AJ6*(1+$BQ6) -> 9684.9385 | AJ6: 9597.91 | AK6: 9508.12 | AL6: 9383.48 | AM6: 9691.82 | AN6: 9560.18 | AO6: 9437.98 | AP6: 9358.45 | AQ6: 9502.89 | AR6: 9489.94 | AS6: 9316.29 | AT6: 9364.63 | AU6: 9316.82 | AV6: 9179.29 | AW6: 9082.66 | AX6: 9068.71 | AY6: 9036.2 | AZ6: 9079.13 | BA6: 8898.31 | BB6: 8835.91 | BC6: 8574.58 | BD6: 8502.58 | BE6: 8337.46 | BF6: 8387.01 | BG6: 8371.45 | BH6: 8441.49 | BI6: 8584.35 | BJ6: 8312.92 | BK6: 8294.52 | BL6: 8191.97 | BM6: 8109.3 | BN6: 8043.43 | BO6: 8040.38 | BP6: 8002.5 | BQ6: =((AV6/BF6)^(1/(2010-2000)))-1 -> 0.0090674403 | BR6: =((AM6/AV6)^(1/(2019-2010)))-1 -> 0.0060551891
A7: WORLD | B7: World | C7: =VLOOKUP(historical_emissions[[#This Row],[Country]],'Liste-Pays'!A:B,2,0) -> World | D7: Climate Watch | E7: Manufacturing/Construction | F7: CO2 | G7: MtCO₂e | H7: =I7*(1+$BR7) -> 10371.955 | I7: =J7*(1+$BR7) -> 10345.92 | J7: =K7*(1+$BR7) -> 10319.951 | K7: =L7*(1+$BR7) -> 10294.046 | L7: =M7*(1+$BR7) -> 10268.207 | M7: =N7*(1+$BR7) -> 10242.432 | N7: =O7*(1+$BR7) -> 10216.722 | O7: =P7*(1+$BR7) -> 10191.077 | ... Y7: =Z7*(1+$BR7) -> 9938.1368 | Z7: =AA7*(1+$BQ7) -> 9913.1907 | AA7: =AB7*(1+$BQ7) -> 9467.9842 | AB7: =AC7*(1+$BQ7) -> 9042.7722 | AC7: =AD7*(1+$BQ7) -> 8636.6566 | AD7: =AE7*(1+$BQ7) -> 8248.78 | AE7: =AF7*(1+$BQ7) -> 7878.323 | AF7: =AG7*(1+$BQ7) -> 7524.5035 | AG7: =AH7*(1+$BQ7) -> 7186.5742 | ... AI7: =AJ7*(1+$BQ7) -> 6555.5637 | AJ7: 6261.15 | AK7: 6306.66 | AL7: 6160.6 | AM7: 6205.92 | AN7: 6164.75 | AO7: 6037.79 | AP7: 6115.88 | AQ7: 6272.65 | AR7: 6388.96 | AS7: 6320.66 | AT7: 6318.53 | AU7: 6295.4 | AV7: 6067.12 | AW7: 5509.25 | AX7: 5519.5 | AY7: 5412.75 | AZ7: 5133.59 | BA7: 4899.69 | BB7: 4481.47 | BC7: 4056.41 | BD7: 3865.78 | BE7: 3854.14 | BF7: 3831.98 | BG7: 3676.38 | BH7: 3834.39 | BI7: 3836.76 | BJ7: 3812.96 | BK7: 3930.35 | BL7: 3707.52 | BM7: 3694.72 | BN7: 3746.08 | BO7: 3875.35 | BP7: 3953.61 | BQ7: =((AV7/BF7)^(1/(2010-2000)))-1 -> 0.047022308 | BR7: =((AM7/AV7)^(1/(2019-2010)))-1 -> 0.0025164551
A8: USA | B8: United States | C8: =VLOOKUP(historical_emissions[[#This Row],[Country]],'Liste-Pays'!A:B,2,0) -> USA | D8: Climate Watch | E8: Energy | F8: CO2 | G8: MtCO₂e | H8: =I8*(1+$BR8) -> 3430.6731 | I8: =J8*(1+$BR8) -> 3474.9281 | J8: =K8*(1+$BR8) -> 3519.7539 | K8: =L8*(1+$BR8) -> 3565.158 | L8: =M8*(1+$BR8) -> 3611.1478 | M8: =N8*(1+$BR8) -> 3657.7309 | N8: =O8*(1+$BR8) -> 3704.9149 | O8: =P8*(1+$BR8) -> 3752.7075 | ... Y8: =Z8*(1+$BR8) -> 4265.8889 | Z8: =AA8*(1+$BQ8) -> 4320.918 | AA8: =AB8*(1+$BQ8) -> 4350.1416 | AB8: =AC8*(1+$BQ8) -> 4379.5628 | AC8: =AD8*(1+$BQ8) -> 4409.1829 | AD8: =AE8*(1+$BQ8) -> 4439.0035 | AE8: =AF8*(1+$BQ8) -> 4469.0257 | AF8: =AG8*(1+$BQ8) -> 4499.2509 | AG8: =AH8*(1+$BQ8) -> 4529.6806 | ... AI8: =AJ8*(1+$BQ8) -> 4591.1587 | AJ8: 4622.21 | AK8: 4565.34 | AL8: 4279.28 | AM8: 4776.46 | AN8: 4936.26 | AO8: 4778.77 | AP8: 4852.38 | AQ8: 4950.36 | AR8: 5067.36 | AS8: 5055.43 | AT8: 4920.45 | AU8: 5141.12 | AV8: 5360.49 | AW8: 5126.69 | AX8: 5516.87 | AY8: 5690.73 | AZ8: 5606.16 | BA8: 5707.22 | BB8: 5692.32 | BC8: 5615.55 | BD8: 5549.78 | BE8: 5706.56 | BF8: 5734.27 | BG8: 5568.68 | BH8: 5550.97 | BI8: 5504.67 | BJ8: 5236.07 | BK8: 5079.84 | BL8: 5030.37 | BM8: 4960.22 | BN8: 4846.46 | BO8: 4774.58 | BP8: 4810.88 | BQ8: =((AV8/BF8)^(1/(2010-2000)))-1 -> -0.0067178403 | BR8: =((AM8/AV8)^(1/(2019-2010)))-1 -> -0.012735509
A9: USA | B9: United States | C9: =VLOOKUP(historical_emissions[[#This Row],[Country]],'Liste-Pays'!A:B,2,0) -> USA | D9: Climate Watch | E9: Total including LUCF | F9: CO2 | G9: MtCO₂e | H9: =I9*(1+$BR9) -> 3496.7834 | I9: =J9*(1+$BR9) -> 3529.6862 | J9: =K9*(1+$BR9) -> 3562.8987 | K9: =L9*(1+$BR9) -> 3596.4236 | L9: =M9*(1+$BR9) -> 3630.264 | M9: =N9*(1+$BR9) -> 3664.4228 | N9: =O9*(1+$BR9) -> 3698.903 | O9: =P9*(1+$BR9) -> 3733.7076 | ... Y9: =Z9*(1+$BR9) -> 4100.2844 | Z9: =AA9*(1+$BQ9) -> 4138.8658 | AA9: =AB9*(1+$BQ9) -> 4168.2824 | AB9: =AC9*(1+$BQ9) -> 4197.908 | AC9: =AD9*(1+$BQ9) -> 4227.7441 | AD9: =AE9*(1+$BQ9) -> 4257.7923 | AE9: =AF9*(1+$BQ9) -> 4288.0541 | AF9: =AG9*(1+$BQ9) -> 4318.531 | AG9: =AH9*(1+$BQ9) -> 4349.2245 | ... AI9: =AJ9*(1+$BQ9) -> 4411.2674 | AJ9: 4442.62 | AK9: 4385.2 | AL9: 4098.51 | AM9: 4595.91 | AN9: 4753.64 | AO9: 4597.37 | AP9: 4670.14 | AQ9: 4581.1 | AR9: 4697.67 | AS9: 4682.73 | AT9: 4546.76 | AU9: 4764.43 | AV9: 5000.09 | AW9: 4764.45 | AX9: 5166.47 | AY9: 5344.48 | AZ9: 5261.31 | BA9: 5361.77 | BB9: 5346.62 | BC9: 5267.34 | BD9: 5201.38 | BE9: 5356.61 | BF9: 5367.05 | BG9: 5200.16 | BH9: 5181.57 | BI9: 5134.31 | BJ9: 4864.47 | BK9: 4708.07 | BL9: 4657.6 | BM9: 4586.13 | BN9: 4470.67 | BO9: 4398.54 | BP9: 4435.58 | BQ9: =((AV9/BF9)^(1/(2010-2000)))-1 -> -0.0070572297 | BR9: =((AM9/AV9)^(1/(2019-2010)))-1 -> -0.0093217401
A10: WORLD | B10: World | C10: =VLOOKUP(historical_emissions[[#This Row],[Country]],'Liste-Pays'!A:B,2,0) -> World | D10: Climate Watch | E10: Agriculture | F10: CH4 | G10: MtCO₂e | H10: =I10*(1+$BR10) -> 4540.0515 | I10: =J10*(1+$BR10) -> 4523.0232 | J10: =K10*(1+$BR10) -> 4506.0587 | K10: =L10*(1+$BR10) -> 4489.1579 | L10: =M10*(1+$BR10) -> 4472.3204 | M10: =N10*(1+$BR10) -> 4455.5461 | N10: =O10*(1+$BR10) -> 4438.8348 | O10: =P10*(1+$BR10) -> 4422.1861 | ... Y10: =Z10*(1+$BR10) -> 4259.0952 | Z10: =AA10*(1+$BQ10) -> 4243.1206 | AA10: =AB10*(1+$BQ10) -> 4219.3418 | AB10: =AC10*(1+$BQ10) -> 4195.6962 | AC10: =AD10*(1+$BQ10) -> 4172.1831 | AD10: =AE10*(1+$BQ10) -> 4148.8018 | AE10: =AF10*(1+$BQ10) -> 4125.5515 | AF10: =AG10*(1+$BQ10) -> 4102.4315 | AG10: =AH10*(1+$BQ10) -> 4079.4411 | ... AI10: =AJ10*(1+$BQ10) -> 4033.8461 | AJ10: 4011.24 | AK10: 3989.49 | AL10: 3954.26 | AM10: 3899.96 | AN10: 3907.4 | AO10: 3913.32 | AP10: 3876.01 | AQ10: 3849.35 | AR10: 3834.73 | AS10: 3808.94 | AT10: 3846.45 | AU10: 3829.85 | AV10: 3770.27 | AW10: 3748.3 | AX10: 3758.43 | AY10: 3741.54 | AZ10: 3705.88 | BA10: 3673.54 | BB10: 3640.75 | BC10: 3581.07 | BD10: 3582.42 | BE10: 3557.96 | BF10: 3564.23 | BG10: 3559.92 | BH10: 3524.64 | BI10: 3499.64 | BJ10: 3549.31 | BK10: 3551.29 | BL10: 3532.76 | BM10: 3504.67 | BN10: 3522.52 | BO10: 3538.85 | BP10: 3539.61 | BQ10: =((AV10/BF10)^(1/(2010-2000)))-1 -> 0.0056356785 | BR10: =((AM10/AV10)^(1/(2019-2010)))-1 -> 0.0037648114
A11: WORLD | B11: World | C11: =VLOOKUP(historical_emissions[[#This Row],[Country]],'Liste-Pays'!A:B,2,0) -> World | D11: Climate Watch | E11: Energy | F11: CH4 | G11: MtCO₂e | H11: =I11*(1+$BR11) -> 4581.1055 | I11: =J11*(1+$BR11) -> 4570.1348 | J11: =K11*(1+$BR11) -> 4559.1904 | K11: =L11*(1+$BR11) -> 4548.2722 | L11: =M11*(1+$BR11) -> 4537.3801 | M11: =N11*(1+$BR11) -> 4526.5142 | N11: =O11*(1+$BR11) -> 4515.6742 | O11: =P11*(1+$BR11) -> 4504.8602 | ... Y11: =Z11*(1+$BR11) -> 4398.1344 | Z11: =AA11*(1+$BQ11) -> 4387.6018 | AA11: =AB11*(1+$BQ11) -> 4317.7639 | AB11: =AC11*(1+$BQ11) -> 4249.0376 | AC11: =AD11*(1+$BQ11) -> 4181.4052 | AD11: =AE11*(1+$BQ11) -> 4114.8493 | AE11: =AF11*(1+$BQ11) -> 4049.3528 | AF11: =AG11*(1+$BQ11) -> 3984.8988 | AG11: =AH11*(1+$BQ11) -> 3921.4707 | ... AI11: =AJ11*(1+$BQ11) -> 3797.6273 | AJ11: 3737.18 | AK11: 3658.37 | AL11: 3565.64 | AM11: 3837.43 | AN11: 3808.35 | AO11: 3744.09 | AP11: 3721.26 | AQ11: 3785.7 | AR11: 3833.65 | AS11: 3821.81 | AT11: 3822.18 | AU11: 3827.27 | AV11: 3755.51 | AW11: 3630.61 | AX11: 3713.67 | AY11: 3680.16 | AZ11: 3637.8 | BA11: 3588.98 | BB11: 3474.69 | BC11: 3364.9 | BD11: 3226.82 | BE11: 3231.32 | BF11: 3198.79 | BG11: 3105.5 | BH11: 3123.0 | BI11: 3134.54 | BJ11: 3103.87 | BK11: 3058.16 | BL11: 2979.44 | BM11: 2992.46 | BN11: 2974.93 | BO11: 3024.86 | BP11: 3010.77 | BQ11: =((AV11/BF11)^(1/(2010-2000)))-1 -> 0.016174563 | BR11: =((AM11/AV11)^(1/(2019-2010)))-1 -> 0.0024005185
A12: WORLD | B12: World | C12: =VLOOKUP(historical_emissions[[#This Row],[Country]],'Liste-Pays'!A:B,2,0) -> World | D12: Climate Watch | E12: Total including LUCF | F12: N2O | G12: MtCO₂e | H12: =I12*(1+$BR12) -> 3707.6786 | I12: =J12*(1+$BR12) -> 3676.0815 | J12: =K12*(1+$BR12) -> 3644.7536 | K12: =L12*(1+$BR12) -> 3613.6926 | L12: =M12*(1+$BR12) -> 3582.8964 | M12: =N12*(1+$BR12) -> 3552.3626 | N12: =O12*(1+$BR12) -> 3522.0891 | O12: =P12*(1+$BR12) -> 3492.0735 | ... Y12: =Z12*(1+$BR12) -> 3205.6329 | Z12: =AA12*(1+$BQ12) -> 3178.3142 | AA12: =AB12*(1+$BQ12) -> 3131.8149 | AB12: =AC12*(1+$BQ12) -> 3085.9959 | AC12: =AD12*(1+$BQ12) -> 3040.8472 | AD12: =AE12*(1+$BQ12) -> 2996.3591 | AE12: =AF12*(1+$BQ12) -> 2952.5218 | AF12: =AG12*(1+$BQ12) -> 2909.3259 | AG12: =AH12*(1+$BQ12) -> 2866.7619 | ... AI12: =AJ12*(1+$BQ12) -> 2783.493 | AJ12: 2742.77 | AK12: 2768.58 | AL12: 2751.11 | AM12: 2713.81 | AN12: 2690.9 | AO12: 2704.83 | AP12: 2648.83 | AQ12: 2628.24 | AR12: 2608.59 | AS12: 2570.39 | AT12: 2581.32 | AU12: 2565.36 | AV12: 2512.62 | AW12: 2430.64 | AX12: 2429.76 | AY12: 2462.67 | AZ12: 2399.34 | BA12: 2376.5 | BB12: 2362.44 | BC12: 2288.2 | BD12: 2252.06 | BE12: 2200.72 | BF12: 2168.3 | BG12: 2178.87 | BH12: 2190.7 | BI12: 2164.4 | BJ12: 2178.4 | BK12: 2176.06 | BL12: 2129.65 | BM12: 2105.36 | BN12: 2120.64 | BO12: 2124.43 | BP12: 2141.01 | BQ12: =((AV12/BF12)^(1/(2010-2000)))-1 -> 0.014847402 | BR12: =((AM12/AV12)^(1/(2019-2010)))-1 -> 0.0085953428
A13: WORLD | B13: World | C13: =VLOOKUP(historical_emissions[[#This Row],[Country]],'Liste-Pays'!A:B,2,0) -> World | D13: Climate Watch | E13: Building | F13: CO2 | G13: MtCO₂e | H13: =I13*(1+$BR13) -> 3072.2848 | I13: =J13*(1+$BR13) -> 3063.4517 | J13: =K13*(1+$BR13) -> 3054.644 | K13: =L13*(1+$BR13) -> 3045.8616 | L13: =M13*(1+$BR13) -> 3037.1044 | M13: =N13*(1+$BR13) -> 3028.3725 | N13: =O13*(1+$BR13) -> 3019.6656 | O13: =P13*(1+$BR13) -> 3010.9838 | ... Y13: =Z13*(1+$BR13) -> 2925.5266 | Z13: =AA13*(1+$BQ13) -> 2917.1154 | AA13: =AB13*(1+$BQ13) -> 2896.5463 | AB13: =AC13*(1+$BQ13) -> 2876.1223 | AC13: =AD13*(1+$BQ13) -> 2855.8423 | AD13: =AE13*(1+$BQ13) -> 2835.7052 | AE13: =AF13*(1+$BQ13) -> 2815.7102 | AF13: =AG13*(1+$BQ13) -> 2795.8561 | AG13: =AH13*(1+$BQ13) -> 2776.1421 | ... AI13: =AJ13*(1+$BQ13) -> 2737.13 | AJ13: 2717.83 | AK13: 2775.56 | AL13: 2734.12 | AM13: 2781.05 | AN13: 2818.88 | AO13: 2786.35 | AP13: 2720.33 | AQ13: 2688.7 | AR13: 2656.94 | AS13: 2710.26 | AT13: 2600.06 | AU13: 2656.69 | AV13: 2709.91 | AW13: 2654.73 | AX13: 2705.77 | AY13: 2640.0 | AZ13: 2641.28 | BA13: 2672.43 | BB13: 2672.75 | BC13: 2631.27 | BD13: 2547.09 | BE13: 2548.51 | BF13: 2524.78 | BG13: 2531.69 | BH13: 2461.89 | BI13: 2611.63 | BJ13: 2635.45 | BK13: 2567.4 | BL13: 2492.5 | BM13: 2572.89 | BN13: 2513.78 | BO13: 2620.9 | BP13: 2594.24 | BQ13: =((AV13/BF13)^(1/(2010-2000)))-1 -> 0.0071012445 | BR13: =((AM13/AV13)^(1/(2019-2010)))-1 -> 0.0028833857
... A473: IND | B473: India | C473: =VLOOKUP(historical_emissions[[#This Row],[Country]],'Liste-Pays'!A:B,2,0) -> IND | D473: Climate Watch | E473: Energy | F473: N2O | G473: MtCO₂e | H473: =I473*(1+$BR473) -> 66.877307 | I473: =J473*(1+$BR473) -> 64.420391 | J473: =K473*(1+$BR473) -> 62.053736 | K473: =L473*(1+$BR473) -> 59.774027 | L473: =M473*(1+$BR473) -> 57.578068 | M473: =N473*(1+$BR473) -> 55.462784 | N473: =O473*(1+$BR473) -> 53.425211 | O473: =P473*(1+$BR473) -> 51.462493 | ... Y473: =Z473*(1+$BR473) -> 35.394567 | Z473: =AA473*(1+$BQ473) -> 34.094253 | AA473: =AB473*(1+$BQ473) -> 32.723694 | AB473: =AC473*(1+$BQ473) -> 31.40823 | AC473: =AD473*(1+$BQ473) -> 30.145647 | AD473: =AE473*(1+$BQ473) -> 28.933818 | AE473: =AF473*(1+$BQ473) -> 27.770704 | AF473: =AG473*(1+$BQ473) -> 26.654346 | AG473: =AH473*(1+$BQ473) -> 25.582865 | ... AI473: =AJ473*(1+$BQ473) -> 23.567388 | AJ473: 22.62 | AK473: 21.03 | AL473: 19.39 | AM473: 20.35 | AN473: 20.39 | AO473: 19.56 | AP473: 18.46 | AQ473: 18.09 | AR473: 17.57 | AS473: 16.55 | AT473: 16.04 | AU473: 15.17 | AV473: 14.53 | AW473: 13.72 | AX473: 13.06 | AY473: 12.36 | AZ473: 11.53 | BA473: 11.07 | BB473: 10.65 | BC473: 10.16 | BD473: 10.01 | BE473: 9.83 | BF473: 9.64 | BG473: 9.4 | BH473: 9.14 | BI473: 9.02 | BJ473: 8.83 | BK473: 8.5 | BL473: 8.19 | BM473: 7.95 | BN473: 7.72 | BO473: 7.58 | BP473: 7.32 | BQ473: =((AV473/BF473)^(1/(2010-2000)))-1 -> 0.041882775 | BR473: =((AM473/AV473)^(1/(2019-2010)))-1 -> 0.038138798
A474: RUS | B474: Russia | C474: =VLOOKUP(historical_emissions[[#This Row],[Country]],'Liste-Pays'!A:B,2,0) -> FSU | D474: Climate Watch | E474: Industrial Processes | F474: CO2 | G474: MtCO₂e | H474: =I474*(1+$BR474) -> 27.155356 | I474: =J474*(1+$BR474) -> 27.495804 | J474: =K474*(1+$BR474) -> 27.840521 | K474: =L474*(1+$BR474) -> 28.18956 | L474: =M474*(1+$BR474) -> 28.542975 | M474: =N474*(1+$BR474) -> 28.90082 | N474: =O474*(1+$BR474) -> 29.263152 | O474: =P474*(1+$BR474) -> 29.630026 | ... Y474: =Z474*(1+$BR474) -> 33.5615 | Z474: =AA474*(1+$BQ474) -> 33.982263 | AA474: =AB474*(1+$BQ474) -> 32.624053 | AB474: =AC474*(1+$BQ474) -> 31.320128 | AC474: =AD474*(1+$BQ474) -> 30.068319 | AD474: =AE474*(1+$BQ474) -> 28.866542 | AE474: =AF474*(1+$BQ474) -> 27.712798 | AF474: =AG474*(1+$BQ474) -> 26.605167 | AG474: =AH474*(1+$BQ474) -> 25.541806 | ... AI474: =AJ474*(1+$BQ474) -> 23.540887 | AJ474: 22.6 | AK474: 22.16 | AL474: 20.58 | AM474: 20.31 | AN474: 20.09 | AO474: 20.51 | AP474: 20.43 | AQ474: 23.17 | AR474: 26.45 | AS474: 27.28 | AT474: 26.33 | AU474: 25.13 | AV474: 22.72 | AW474: 19.75 | AX474: 23.63 | AY474: 27.64 | AZ474: 24.54 | BA474: 22.26 | BB474: 20.92 | BC474: 18.67 | BD474: 17.12 | BE474: 15.86 | BF474: 15.11 | BG474: 13.17 | BH474: 11.92 | BI474: 12.27 | BJ474: 12.72 | BK474: 16.65 | BL474: 16.48 | BM474: 21.99 | BN474: 26.72 | BO474: N/A | BQ474: =((AV474/BF474)^(1/(2010-2000)))-1 -> 0.041632175 | BR474: =((AM474/AV474)^(1/(2019-2010)))-1 -> -0.012381842
A475: ESP | B475: Spain | C475: =VLOOKUP(historical_emissions[[#This Row],[Country]],'Liste-Pays'!A:B,2,0) -> WEU | D475: Climate Watch | E475: Building | F475: CO2 | G475: MtCO₂e | H475: =I475*(1+$BR475) -> 19.718077 | I475: =J475*(1+$BR475) -> 20.022752 | J475: =K475*(1+$BR475) -> 20.332135 | K475: =L475*(1+$BR475) -> 20.646299 | L475: =M475*(1+$BR475) -> 20.965316 | M475: =N475*(1+$BR475) -> 21.289264 | N475: =O475*(1+$BR475) -> 21.618216 | O475: =P475*(1+$BR475) -> 21.952252 | ... Y475: =Z475*(1+$BR475) -> 25.590057 | Z475: =AA475*(1+$BQ475) -> 25.985463 | AA475: =AB475*(1+$BQ475) -> 25.619584 | AB475: =AC475*(1+$BQ475) -> 25.258856 | AC475: =AD475*(1+$BQ475) -> 24.903208 | AD475: =AE475*(1+$BQ475) -> 24.552567 | AE475: =AF475*(1+$BQ475) -> 24.206863 | AF475: =AG475*(1+$BQ475) -> 23.866026 | AG475: =AH475*(1+$BQ475) -> 23.529989 | ... AI475: =AJ475*(1+$BQ475) -> 22.872042 | AJ475: 22.55 | AK475: 24.35 | AL475: 23.28 | AM475: 23.72 | AN475: 25.46 | AO475: 24.02 | AP475: 24.2 | AQ475: 24.23 | AR475: 22.42 | AS475: 23.91 | AT475: 24.73 | AU475: 25.07 | AV475: 27.23 | AW475: 25.58 | AX475: 25.98 | AY475: 26.79 | AZ475: 27.43 | BA475: 28.71 | BB475: 27.71 | BC475: 25.6 | BD475: 24.94 | BE475: 24.41 | BF475: 23.63 | BG475: 21.84 | BH475: 20.55 | BI475: 20.0 | BJ475: 19.93 | BK475: 18.9 | BL475: 19.02 | BM475: 18.0 | BN475: 18.81 | BO475: 18.21 | BP475: 16.19 | BQ475: =((AV475/BF475)^(1/(2010-2000)))-1 -> 0.014281238 | BR475: =((AM475/AV475)^(1/(2019-2010)))-1 -> -0.015216456
A476: JPN | B476: Japan | C476: =VLOOKUP(historical_emissions[[#This Row],[Country]],'Liste-Pays'!A:B,2,0) -> JPN | D476: Climate Watch | E476: Industrial Processes | F476: CO2 | G476: MtCO₂e | H476: =I476*(1+$BR476) -> 16.901286 | I476: =J476*(1+$BR476) -> 16.825045 | J476: =K476*(1+$BR476) -> 16.749148 | K476: =L476*(1+$BR476) -> 16.673593 | L476: =M476*(1+$BR476) -> 16.59838 | M476: =N476*(1+$BR476) -> 16.523505 | N476: =O476*(1+$BR476) -> 16.448968 | O476: =P476*(1+$BR476) -> 16.374768 | ... Y476: =Z476*(1+$BR476) -> 15.650925 | Z476: =AA476*(1+$BQ476) -> 15.580325 | AA476: =AB476*(1+$BQ476) -> 16.162126 | AB476: =AC476*(1+$BQ476) -> 16.765653 | AC476: =AD476*(1+$BQ476) -> 17.391717 | AD476: =AE476*(1+$BQ476) -> 18.041159 | AE476: =AF476*(1+$BQ476) -> 18.714852 | AF476: =AG476*(1+$BQ476) -> 19.413703 | AG476: =AH476*(1+$BQ476) -> 20.138651 | ... AI476: =AJ476*(1+$BQ476) -> 21.670769 | AJ476: 22.48 | AK476: 24.4 | AL476: 24.49 | AM476: 25.33 | AN476: 26.18 | AO476: 26.43 | AP476: 25.97 | AQ476: 25.94 | AR476: 26.56 | AS476: 26.81 | AT476: 25.62 | AU476: 24.98 | AV476: 24.32 | AW476: 25.31 | AX476: 28.55 | AY476: 30.66 | AZ476: 31.99 | BA476: 32.28 | BB476: 31.28 | BC476: 31.94 | BD476: 32.42 | BE476: 34.37 | BF476: 35.09 | BG476: 35.01 | BH476: 35.36 | BI476: 39.93 | BJ476: 42.56 | BK476: 42.14 | BL476: 42.3 | BM476: 41.22 | BN476: 41.67 | BO476: 40.35 | BP476: 38.7 | BQ476: =((AV476/BF476)^(1/(2010-2000)))-1 -> -0.035997811 | BR476: =((AM476/AV476)^(1/(2019-2010)))-1 -> 0.0045313922
A477: SWE | B477: Sweden | C477: =VLOOKUP(historical_emissions[[#This Row],[Country]],'Liste-Pays'!A:B,2,0) -> WEU | D477: Climate Watch | E477: Total including LUCF | F477: CO2 | G477: MtCO₂e | H477: =I477*(1+$BR477) -> 5.3096154 | I477: =J477*(1+$BR477) -> 5.6391014 | J477: =K477*(1+$BR477) -> 5.9890336 | K477: =L477*(1+$BR477) -> 6.3606806 | L477: =M477*(1+$BR477) -> 6.7553901 | M477: =N477*(1+$BR477) -> 7.1745931 | N477: =O477*(1+$BR477) -> 7.6198096 | O477: =P477*(1+$BR477) -> 8.0926538 | ... Y477: =Z477*(1+$BR477) -> 14.776085 | Z477: =AA477*(1+$BQ477) -> 15.69301 | AA477: =AB477*(1+$BQ477) -> 16.265843 | AB477: =AC477*(1+$BQ477) -> 16.859587 | AC477: =AD477*(1+$BQ477) -> 17.475004 | AD477: =AE477*(1+$BQ477) -> 18.112886 | AE477: =AF477*(1+$BQ477) -> 18.774051 | AF477: =AG477*(1+$BQ477) -> 19.459351 | AG477: =AH477*(1+$BQ477) -> 20.169666 | ... AI477: =AJ477*(1+$BQ477) -> 21.669026 | AJ477: 22.46 | AK477: 25.1 | AL477: 22.63 | AM477: 23.93 | AN477: 24.36 | AO477: 25.99 | AP477: 26.28 | AQ477: 21.26 | AR477: 21.12 | AS477: 22.42 | AT477: 24.02 | AU477: 26.42 | AV477: 41.14 | AW477: 35.66 | AX477: 38.75 | AY477: 39.68 | AZ477: 41.29 | BA477: 42.57 | BB477: 45.88 | BC477: 47.33 | BD477: 46.08 | BE477: 44.53 | BF477: 58.88 | BG477: 62.69 | BH477: 63.69 | BI477: 62.67 | BJ477: 68.93 | BK477: 63.5 | BL477: 63.74 | BM477: 61.75 | BN477: 62.0 | BO477: 59.49 | BP477: 58.6 | BQ477: =((AV477/BF477)^(1/(2010-2000)))-1 -> -0.035216986 | BR477: =((AM477/AV477)^(1/(2019-2010)))-1 -> -0.05842882
A478: MDG | B478: Madagascar | C478: =VLOOKUP(historical_emissions[[#This Row],[Country]],'Liste-Pays'!A:B,2,0) -> AFR | D478: Climate Watch | E478: Total including LUCF | F478: CH4 | G478: MtCO₂e | H478: =I478*(1+$BR478) -> 25.979717 | I478: =J478*(1+$BR478) -> 25.839583 | J478: =K478*(1+$BR478) -> 25.700206 | K478: =L478*(1+$BR478) -> 25.56158 | L478: =M478*(1+$BR478) -> 25.423702 | M478: =N478*(1+$BR478) -> 25.286567 | N478: =O478*(1+$BR478) -> 25.150172 | O478: =P478*(1+$BR478) -> 25.014513 | ... Y478: =Z478*(1+$BR478) -> 23.697524 | Z478: =AA478*(1+$BQ478) -> 23.569701 | AA478: =AB478*(1+$BQ478) -> 23.455262 | AB478: =AC478*(1+$BQ478) -> 23.34138 | AC478: =AD478*(1+$BQ478) -> 23.22805 | AD478: =AE478*(1+$BQ478) -> 23.11527 | AE478: =AF478*(1+$BQ478) -> 23.003039 | AF478: =AG478*(1+$BQ478) -> 22.891352 | AG478: =AH478*(1+$BQ478) -> 22.780207 | ... AI478: =AJ478*(1+$BQ478) -> 22.559534 | AJ478: 22.45 | AK478: 22.21 | AL478: 22.49 | AM478: 22.1 | AN478: 21.35 | AO478: 21.91 | AP478: 22.41 | AQ478: 20.48 | AR478: 20.38 | AS478: 19.66 | AT478: 20.68 | AU478: 20.56 | AV478: 21.05 | AW478: 20.75 | AX478: 20.07 | AY478: 20.78 | AZ478: 20.01 | BA478: 21.14 | BB478: 18.54 | BC478: 19.14 | BD478: 17.9 | BE478: 19.24 | BF478: 20.05 | BG478: 20.88 | BH478: 21.07 | BI478: 20.34 | BJ478: 20.76 | BK478: 20.11 | BL478: 19.7 | BM478: 20.08 | BN478: 19.74 | BO478: 19.5 | BP478: 19.55 | BQ478: =((AV478/BF478)^(1/(2010-2000)))-1 -> 0.0048790044 | BR478: =((AM478/AV478)^(1/(2019-2010)))-1 -> 0.0054232136
A479: OMN | B479: Oman | C479: =VLOOKUP(historical_emissions[[#This Row],[Country]],'Liste-Pays'!A:B,2,0) -> MEA | D479: Climate Watch | E479: Total including LUCF | F479: CH4 | G479: MtCO₂e | H479: =I479*(1+$BR479) -> 39.840488 | I479: =J479*(1+$BR479) -> 38.664042 | J479: =K479*(1+$BR479) -> 37.522336 | K479: =L479*(1+$BR479) -> 36.414342 | L479: =M479*(1+$BR479) -> 35.339067 | M479: =N479*(1+$BR479) -> 34.295543 | N479: =O479*(1+$BR479) -> 33.282833 | O479: =P479*(1+$BR479) -> 32.300028 | ... Y479: =Z479*(1+$BR479) -> 23.934753 | Z479: =AA479*(1+$BQ479) -> 23.227986 | AA479: =AB479*(1+$BQ479) -> 23.144862 | AB479: =AC479*(1+$BQ479) -> 23.062035 | AC479: =AD479*(1+$BQ479) -> 22.979504 | AD479: =AE479*(1+$BQ479) -> 22.897269 | AE479: =AF479*(1+$BQ479) -> 22.815328 | AF479: =AG479*(1+$BQ479) -> 22.73368 | AG479: =AH479*(1+$BQ479) -> 22.652324 | ... AI479: =AJ479*(1+$BQ479) -> 22.490485 | AJ479: 22.41 | AK479: 21.77 | AL479: 21.19 | AM479: 21.57 | AN479: 21.34 | AO479: 20.9 | AP479: 20.93 | AQ479: 20.21 | AR479: 19.87 | AS479: 19.65 | AT479: 18.35 | AU479: 17.07 | AV479: 16.47 | AW479: 15.91 | AX479: 15.36 | AY479: 14.9 | AZ479: 15.45 | BA479: 15.89 | BB479: 15.85 | BC479: 16.31 | BD479: 16.18 | BE479: 16.57 | BF479: 15.89 | BG479: 14.78 | BH479: 14.3 | BI479: 14.89 | BJ479: 14.14 | BK479: 13.66 | BL479: 12.73 | BM479: 11.56 | BN479: 10.11 | BO479: 9.43 | BP479: 9.1 | BQ479: =((AV479/BF479)^(1/(2010-2000)))-1 -> 0.0035914904 | BR479: =((AM479/AV479)^(1/(2019-2010)))-1 -> 0.030427389
A480: LKA | B480: Sri Lanka | C480: =VLOOKUP(historical_emissions[[#This Row],[Country]],'Liste-Pays'!A:B,2,0) -> ODA | D480: Climate Watch | E480: Total including LUCF | F480: CO2 | G480: MtCO₂e | H480: =I480*(1+$BR480) -> 61.69499 | I480: =J480*(1+$BR480) -> 58.316919 | J480: =K480*(1+$BR480) -> 55.123813 | K480: =L480*(1+$BR480) -> 52.105543 | L480: =M480*(1+$BR480) -> 49.252537 | M480: =N480*(1+$BR480) -> 46.555745 | N480: =O480*(1+$BR480) -> 44.006615 | O480: =P480*(1+$BR480) -> 41.59706 | ... Y480: =Z480*(1+$BR480) -> 23.686965 | Z480: =AA480*(1+$BQ480) -> 22.39 | AA480: =AB480*(1+$BQ480) -> 22.39 | AB480: =AC480*(1+$BQ480) -> 22.39 | AC480: =AD480*(1+$BQ480) -> 22.39 | AD480: =AE480*(1+$BQ480) -> 22.39 | AE480: =AF480*(1+$BQ480) -> 22.39 | AF480: =AG480*(1+$BQ480) -> 22.39 | AG480: =AH480*(1+$BQ480) -> 22.39 | ... AI480: =AJ480*(1+$BQ480) -> 22.39 | AJ480: 22.39 | AK480: 24.5 | AL480: 24.11 | AM480: 25.58 | AN480: 23.5 | AO480: 24.95 | AP480: 24.97 | AQ480: 19.74 | AR480: 17.96 | AS480: 14.96 | AT480: 17.96 | AU480: 15.94 | AV480: 15.41 | AW480: 14.63 | AX480: 15.15 | AY480: 15.94 | AZ480: 14.77 | BA480: 16.35 | BB480: 15.24 | BC480: 14.78 | BD480: 13.75 | BE480: 13.21 | BF480: 15.41 | BG480: 13.98 | BH480: 13.09 | BI480: 12.82 | BJ480: 12.84 | BK480: 10.3 | BL480: 10.25 | BM480: 9.57 | BN480: 9.73 | BO480: 8.47 | BP480: 8.32 | BQ480: =((AV480/BF480)^(1/(2010-2000)))-1 -> 0 | BR480: =((AM480/AV480)^(1/(2019-2010)))-1 -> 0.057926077
A481: NPL | B481: Nepal | C481: =VLOOKUP(historical_emissions[[#This Row],[Country]],'Liste-Pays'!A:B,2,0) -> ODA | D481: Climate Watch | E481: Agriculture | F481: CH4 | G481: MtCO₂e | H481: =I481*(1+$BR481) -> 29.639399 | I481: =J481*(1+$BR481) -> 29.411067 | J481: =K481*(1+$BR481) -> 29.184495 | K481: =L481*(1+$BR481) -> 28.959667 | L481: =M481*(1+$BR481) -> 28.736572 | M481: =N481*(1+$BR481) -> 28.515195 | N481: =O481*(1+$BR481) -> 28.295524 | O481: =P481*(1+$BR481) -> 28.077545 | ... Y481: =Z481*(1+$BR481) -> 25.98801 | Z481: =AA481*(1+$BQ481) -> 25.787807 | AA481: =AB481*(1+$BQ481) -> 25.424884 | AB481: =AC481*(1+$BQ481) -> 25.067069 | AC481: =AD481*(1+$BQ481) -> 24.714289 | AD481: =AE481*(1+$BQ481) -> 24.366474 | AE481: =AF481*(1+$BQ481) -> 24.023554 | AF481: =AG481*(1+$BQ481) -> 23.68546 | AG481: =AH481*(1+$BQ481) -> 23.352124 | ... AI481: =AJ481*(1+$BQ481) -> 22.699459 | AJ481: 22.38 | AK481: 22.51 | AL481: 22.48 | AM481: 22.31 | AN481: 22.21 | AO481: 21.85 | AP481: 22.06 | AQ481: 21.27 | AR481: 21.48 | AS481: 21.73 | AT481: 21.26 | AU481: 21.26 | AV481: 20.81 | AW481: 20.41 | AX481: 20.19 | AY481: 19.86 | AZ481: 19.16 | BA481: 19.24 | BB481: 18.95 | BC481: 18.76 | BD481: 18.45 | BE481: 18.31 | BF481: 18.06 | BG481: 18.07 | BH481: 17.94 | BI481: 17.68 | BJ481: 17.49 | BK481: 17.3 | BL481: 16.8 | BM481: 15.95 | BN481: 16.17 | BO481: 15.58 | BP481: 16.11 | BQ481: =((AV481/BF481)^(1/(2010-2000)))-1 -> 0.014274328 | BR481: =((AM481/AV481)^(1/(2019-2010)))-1 -> 0.007763466
A482: SOM | B482: Somalia | C482: =VLOOKUP(historical_emissions[[#This Row],[Country]],'Liste-Pays'!A:B,2,0) -> AFR | D482: Climate Watch | E482: Total including LUCF | F482: CH4 | G482: MtCO₂e | H482: =I482*(1+$BR482) -> 26.370084 | I482: =J482*(1+$BR482) -> 26.16251 | J482: =K482*(1+$BR482) -> 25.95657 | K482: =L482*(1+$BR482) -> 25.752251 | L482: =M482*(1+$BR482) -> 25.549541 | M482: =N482*(1+$BR482) -> 25.348426 | N482: =O482*(1+$BR482) -> 25.148894 | O482: =P482*(1+$BR482) -> 24.950932 | ... Y482: =Z482*(1+$BR482) -> 23.055031 | Z482: =AA482*(1+$BQ482) -> 22.873552 | AA482: =AB482*(1+$BQ482) -> 22.818607 | AB482: =AC482*(1+$BQ482) -> 22.763793 | AC482: =AD482*(1+$BQ482) -> 22.709112 | AD482: =AE482*(1+$BQ482) -> 22.654561 | AE482: =AF482*(1+$BQ482) -> 22.600142 | AF482: =AG482*(1+$BQ482) -> 22.545853 | AG482: =AH482*(1+$BQ482) -> 22.491695 | ... AI482: =AJ482*(1+$BQ482) -> 22.383769 | AJ482: 22.33 | AK482: 22.33 | AL482: 22.37 | AM482: 22.14 | AN482: 21.99 | AO482: 21.77 | AP482: 21.72 | AQ482: 21.6 | AR482: 21.45 | AS482: 21.24 | AT482: 21.11 | AU482: 20.81 | AV482: 20.62 | AW482: 20.43 | AX482: 20.35 | AY482: 20.27 | AZ482: 20.98 | BA482: 21.85 | BB482: 21.46 | BC482: 21.17 | BD482: 20.94 | BE482: 20.6 | BF482: 20.13 | BG482: 19.85 | BH482: 19.55 | BI482: 19.4 | BJ482: 18.95 | BK482: 18.45 | BL482: 17.87 | BM482: 16.42 | BN482: 14.92 | BO482: 16.3 | BP482: 18.47 | BQ482: =((AV482/BF482)^(1/(2010-2000)))-1 -> 0.0024079183 | BR482: =((AM482/AV482)^(1/(2019-2010)))-1 -> 0.0079340254
A483: UKR | B483: Ukraine | C483: =VLOOKUP(historical_emissions[[#This Row],[Country]],'Liste-Pays'!A:B,2,0) -> FSU | D483: Climate Watch | E483: Other Fuel Combustion | F483: CO2 | G483: MtCO₂e | H483: =I483*(1+$BR483) -> 22.722959 | I483: =J483*(1+$BR483) -> 22.831438 | J483: =K483*(1+$BR483) -> 22.940435 | K483: =L483*(1+$BR483) -> 23.049953 | L483: =M483*(1+$BR483) -> 23.159993 | M483: =N483*(1+$BR483) -> 23.270559 | N483: =O483*(1+$BR483) -> 23.381652 | O483: =P483*(1+$BR483) -> 23.493276 | ... Y483: =Z483*(1+$BR483) -> 24.639247 | Z483: =AA483*(1+$BQ483) -> 24.756875 | AA483: =AB483*(1+$BQ483) -> 24.484048 | AB483: =AC483*(1+$BQ483) -> 24.214227 | AC483: =AD483*(1+$BQ483) -> 23.94738 | AD483: =AE483*(1+$BQ483) -> 23.683473 | AE483: =AF483*(1+$BQ483) -> 23.422475 | AF483: =AG483*(1+$BQ483) -> 23.164353 | AG483: =AH483*(1+$BQ483) -> 22.909076 | ... AI483: =AJ483*(1+$BQ483) -> 22.40693 | AJ483: 22.16 | AK483: 3.65 | AL483: 3.42 | AM483: 4.11 | AN483: 3.91 | AO483: 3.87 | AP483: 4.83 | AQ483: 4.33 | AR483: 4.39 | AS483: 4.84 | AT483: 4.62 | AU483: 4.79 | AV483: 4.29 | AW483: 4.12 | AX483: 4.4 | AY483: 4.17 | AZ483: 4.62 | BA483: 7.99 | BB483: 5.07 | BC483: 4.16 | BD483: 3.99 | BE483: 3.72 | BF483: 3.84 | BG483: 3.77 | BH483: 4.59 | BI483: 5.2 | BJ483: 4.92 | BK483: 6.57 | BL483: 7.86 | BM483: 9.62 | BN483: 12.1 | BO483: 23.89 | BP483: 26.58 | BQ483: =((AV483/BF483)^(1/(2010-2000)))-1 -> 0.011143063 | BR483: =((AM483/AV483)^(1/(2019-2010)))-1 -> -0.0047513105
A484: COD | B484: Democratic Republic of the Congo | C484: =VLOOKUP(historical_emissions[[#This Row],[Country]],'Liste-Pays'!A:B,2,0) -> AFR | D484: Climate Watch | E484: Energy | F484: CH4 | G484: MtCO₂e | H484: =I484*(1+$BR484) -> 33.75542 | I484: =J484*(1+$BR484) -> 33.46165 | J484: =K484*(1+$BR484) -> 33.170437 | K484: =L484*(1+$BR484) -> 32.881757 | L484: =M484*(1+$BR484) -> 32.59559 | M484: =N484*(1+$BR484) -> 32.311914 | N484: =O484*(1+$BR484) -> 32.030706 | O484: =P484*(1+$BR484) -> 31.751946 | ... Y484: =Z484*(1+$BR484) -> 29.094351 | Z484: =AA484*(1+$BQ484) -> 28.841146 | AA484: =AB484*(1+$BQ484) -> 28.089799 | AB484: =AC484*(1+$BQ484) -> 27.358026 | AC484: =AD484*(1+$BQ484) -> 26.645316 | AD484: =AE484*(1+$BQ484) -> 25.951173 | AE484: =AF484*(1+$BQ484) -> 25.275114 | AF484: =AG484*(1+$BQ484) -> 24.616667 | AG484: =AH484*(1+$BQ484) -> 23.975373 | ... AI484: =AJ484*(1+$BQ484) -> 22.742469 | AJ484: 22.15 | AK484: 21.95 | AL484: 20.11 | AM484: 17.58 | AN484: 17.25 | AO484: 20.16 | AP484: 17.25 | AQ484: 16.77 | AR484: 16.27 | AS484: 14.02 | AT484: 12.24 | AU484: 16.87 | AV484: 16.25 | AW484: 16.2 | AX484: 15.92 | AY484: 15.55 | AZ484: 14.94 | BA484: 14.57 | BB484: 14.28 | BC484: 14.07 | BD484: 13.34 | BE484: 13.02 | BF484: 12.48 | BG484: 12.46 | BH484: 12.43 | BI484: 12.35 | BJ484: 12.02 | BK484: 11.42 | BL484: 11.16 | BM484: 10.09 | BN484: 9.1 | BO484: 8.91 | BP484: 8.73 | BQ484: =((AV484/BF484)^(1/(2010-2000)))-1 -> 0.026748029 | BR484: =((AM484/AV484)^(1/(2019-2010)))-1 -> 0.0087793122
A485: MNG | B485: Mongolia | C485: =VLOOKUP(historical_emissions[[#This Row],[Country]],'Liste-Pays'!A:B,2,0) -> ODA-EXCLUDED | D485: Climate Watch | E485: Total including LUCF | F485: CH4 | G485: MtCO₂e | H485: =I485*(1+$BR485) -> 79.22709 | I485: =J485*(1+$BR485) -> 72.771594 | J485: =K485*(1+$BR485) -> 66.842098 | K485: =L485*(1+$BR485) -> 61.395743 | L485: =M485*(1+$BR485) -> 56.393162 | M485: =N485*(1+$BR485) -> 51.798196 | N485: =O485*(1+$BR485) -> 47.577631 | O485: =P485*(1+$BR485) -> 43.700962 | ... Y485: =Z485*(1+$BR485) -> 18.679827 | Z485: =AA485*(1+$BQ485) -> 17.157778 | AA485: =AB485*(1+$BQ485) -> 17.594442 | AB485: =AC485*(1+$BQ485) -> 18.042218 | AC485: =AD485*(1+$BQ485) -> 18.501391 | AD485: =AE485*(1+$BQ485) -> 18.972249 | AE485: =AF485*(1+$BQ485) -> 19.455091 | AF485: =AG485*(1+$BQ485) -> 19.950221 | AG485: =AH485*(1+$BQ485) -> 20.457953 | ... AI485: =AJ485*(1+$BQ485) -> 21.512509 | AJ485: 22.06 | AK485: 20.58 | AL485: 20.45 | AM485: 21.51 | AN485: 20.06 | AO485: 20.0 | AP485: 18.59 | AQ485: 17.04 | AR485: 15.57 | AS485: 13.73 | AT485: 12.78 | AU485: 11.6 | AV485: 10.01 | AW485: 12.22 | AX485: 11.76 | AY485: 11.64 | AZ485: 10.21 | BA485: 9.21 | BB485: 8.3 | BC485: 8.69 | BD485: 8.67 | BE485: 10.63 | BF485: 12.87 | BG485: 12.39 | BH485: 12.29 | BI485: 12.49 | BJ485: 10.98 | BK485: 10.26 | BL485: 9.52 | BM485: 9.7 | BN485: 9.84 | BO485: 10.14 | BP485: 9.83 | BQ485: =((AV485/BF485)^(1/(2010-2000)))-1 -> -0.024818277 | BR485: =((AM485/AV485)^(1/(2019-2010)))-1 -> 0.088709004
A486: DEU | B486: Germany | C486: =VLOOKUP(historical_emissions[[#This Row],[Country]],'Liste-Pays'!A:B,2,0) -> WEU | D486: Climate Watch | E486: Agriculture | F486: N2O | G486: MtCO₂e | H486: =I486*(1+$BR486) -> 16.875409 | I486: =J486*(1+$BR486) -> 17.077273 | J486: =K486*(1+$BR486) -> 17.281551 | K486: =L486*(1+$BR486) -> 17.488272 | L486: =M486*(1+$BR486) -> 17.697467 | M486: =N486*(1+$BR486) -> 17.909164 | N486: =O486*(1+$BR486) -> 18.123393 | O486: =P486*(1+$BR486) -> 18.340185 | ... Y486: =Z486*(1+$BR486) -> 20.655974 | Z486: =AA486*(1+$BQ486) -> 20.903061 | AA486: =AB486*(1+$BQ486) -> 21.006424 | AB486: =AC486*(1+$BQ486) -> 21.110299 | AC486: =AD486*(1+$BQ486) -> 21.214687 | AD486: =AE486*(1+$BQ486) -> 21.319591 | AE486: =AF486*(1+$BQ486) -> 21.425014 | AF486: =AG486*(1+$BQ486) -> 21.530958 | AG486: =AH486*(1+$BQ486) -> 21.637426 | ... AI486: =AJ486*(1+$BQ486) -> 21.851945 | AJ486: 21.96 | AK486: 22.56 | AL486: 23.85 | AM486: 24.7 | AN486: 24.39 | AO486: 25.89 | AP486: 26.84 | AQ486: 27.4 | AR486: 28.19 | AS486: 27.22 | AT486: 26.74 | AU486: 26.52 | AV486: 27.49 | AW486: 26.73 | AX486: 26.67 | AY486: 27.44 | AZ486: 26.4 | BA486: 27.74 | BB486: 27.97 | BC486: 27.95 | BD486: 28.19 | BE486: 28.7 | BF486: 28.88 | BG486: 29.99 | BH486: 29.48 | BI486: 29.18 | BJ486: 28.9 | BK486: 28.97 | BL486: 28.93 | BM486: 28.08 | BN486: 28.83 | BO486: 30.78 | BP486: 32.13 | BQ486: =((AV486/BF486)^(1/(2010-2000)))-1 -> -0.0049205554 | BR486: =((AM486/AV486)^(1/(2019-2010)))-1 -> -0.011820588
... A626: CAF | B626: Central African Republic | C626: =VLOOKUP(historical_emissions[[#This Row],[Country]],'Liste-Pays'!A:B,2,0) -> AFR | D626: Climate Watch | E626: Total including LUCF | F626: CO2 | G626: MtCO₂e | H626: =I626*(1+$BR626) -> 14.340807 | I626: =J626*(1+$BR626) -> 14.331814 | J626: =K626*(1+$BR626) -> 14.322826 | K626: =L626*(1+$BR626) -> 14.313844 | L626: =M626*(1+$BR626) -> 14.304868 | M626: =N626*(1+$BR626) -> 14.295897 | N626: =O626*(1+$BR626) -> 14.286932 | O626: =P626*(1+$BR626) -> 14.277973 | ... Y626: =Z626*(1+$BR626) -> 14.188686 | Z626: =AA626*(1+$BQ626) -> 14.179789 | AA626: =AB626*(1+$BQ626) -> 14.185798 | AB626: =AC626*(1+$BQ626) -> 14.19181 | AC626: =AD626*(1+$BQ626) -> 14.197825 | AD626: =AE626*(1+$BQ626) -> 14.203843 | AE626: =AF626*(1+$BQ626) -> 14.209862 | AF626: =AG626*(1+$BQ626) -> 14.215885 | AG626: =AH626*(1+$BQ626) -> 14.22191 | ... AI626: =AJ626*(1+$BQ626) -> 14.233967 | AJ626: 14.24 | AK626: 14.22 | AL626: 14.22 | AM626: 14.21 | AN626: 14.19 | AO626: 14.18 | AP626: 14.17 | AQ626: 14.14 | AR626: 14.09 | AS626: 14.08 | AT626: 14.15 | AU626: 14.15 | AV626: 14.13 | AW626: 14.12 | AX626: 14.13 | AY626: 14.19 | AZ626: 14.19 | BA626: 14.17 | BB626: 14.18 | BC626: 14.18 | BD626: 14.2 | BE626: 14.2 | BF626: 14.19 | BG626: 14.19 | BH626: 14.18 | BI626: 14.12 | BJ626: 14.12 | BK626: 14.11 | BL626: 14.11 | BM626: 14.11 | BN626: 14.1 | BO626: 14.09 | BP626: 14.1 | BQ626: =((AV626/BF626)^(1/(2010-2000)))-1 -> -0.00042363969 | BR626: =((AM626/AV626)^(1/(2019-2010)))-1 -> 0.00062750184
A627: NAM | B627: Namibia | C627: =VLOOKUP(historical_emissions[[#This Row],[Country]],'Liste-Pays'!A:B,2,0) -> AFR-EXCLUDED | D627: Climate Watch | E627: Total including LUCF | F627: CO2 | G627: MtCO₂e | H627: =I627*(1+$BR627) -> 18.269324 | I627: =J627*(1+$BR627) -> 18.072161 | J627: =K627*(1+$BR627) -> 17.877125 | K627: =L627*(1+$BR627) -> 17.684195 | L627: =M627*(1+$BR627) -> 17.493347 | M627: =N627*(1+$BR627) -> 17.304558 | N627: =O627*(1+$BR627) -> 17.117807 | O627: =P627*(1+$BR627) -> 16.933071 | ... Y627: =Z627*(1+$BR627) -> 15.19189 | Z627: =AA627*(1+$BQ627) -> 15.027939 | AA627: =AB627*(1+$BQ627) -> 14.947222 | AB627: =AC627*(1+$BQ627) -> 14.866938 | AC627: =AD627*(1+$BQ627) -> 14.787086 | AD627: =AE627*(1+$BQ627) -> 14.707662 | AE627: =AF627*(1+$BQ627) -> 14.628665 | AF627: =AG627*(1+$BQ627) -> 14.550093 | AG627: =AH627*(1+$BQ627) -> 14.471942 | ... AI627: =AJ627*(1+$BQ627) -> 14.316898 | AJ627: 14.24 | AK627: 14.38 | AL627: 14.2 | AM627: 14.51 | AN627: 14.39 | AO627: 14.35 | AP627: 14.35 | AQ627: 14.13 | AR627: 13.76 | AS627: 13.63 | AT627: 13.51 | AU627: 13.34 | AV627: 13.16 | AW627: 13.53 | AX627: 13.44 | AY627: 13.08 | AZ627: 13.03 | BA627: 13.06 | BB627: 12.9 | BC627: 12.81 | BD627: 12.68 | BE627: 13.0 | BF627: 12.47 | BG627: 12.55 | BH627: 12.58 | BI627: 12.54 | BJ627: 12.49 | BK627: 12.34 | BL627: 12.2 | BM627: 11.98 | BN627: 11.79 | BO627: 11.69 | BQ627: =((AV627/BF627)^(1/(2010-2000)))-1 -> 0.0054001451 | BR627: =((AM627/AV627)^(1/(2019-2010)))-1 -> 0.010909764
A628: LBR | B628: Liberia | C628: =VLOOKUP(historical_emissions[[#This Row],[Country]],'Liste-Pays'!A:B,2,0) -> AFR | D628: Climate Watch | E628: Total including LUCF | F628: CO2 | G628: MtCO₂e | H628: =I628*(1+$BR628) -> 15.048203 | I628: =J628*(1+$BR628) -> 15.021249 | J628: =K628*(1+$BR628) -> 14.994343 | K628: =L628*(1+$BR628) -> 14.967486 | L628: =M628*(1+$BR628) -> 14.940676 | M628: =N628*(1+$BR628) -> 14.913915 | N628: =O628*(1+$BR628) -> 14.887201 | O628: =P628*(1+$BR628) -> 14.860536 | ... Y628: =Z628*(1+$BR628) -> 14.596493 | Z628: =AA628*(1+$BQ628) -> 14.570348 | AA628: =AB628*(1+$BQ628) -> 14.534928 | AB628: =AC628*(1+$BQ628) -> 14.499594 | AC628: =AD628*(1+$BQ628) -> 14.464347 | AD628: =AE628*(1+$BQ628) -> 14.429185 | AE628: =AF628*(1+$BQ628) -> 14.394108 | AF628: =AG628*(1+$BQ628) -> 14.359117 | AG628: =AH628*(1+$BQ628) -> 14.32421 | ... AI628: =AJ628*(1+$BQ628) -> 14.254652 | AJ628: 14.22 | AK628: 14.21 | AL628: 14.2 | AM628: 14.37 | AN628: 14.03 | AO628: 14.09 | AP628: 14.07 | AQ628: 14.13 | AR628: 14.16 | AS628: 14.31 | AT628: 14.35 | AU628: 14.26 | AV628: 14.14 | AW628: 13.94 | AX628: 13.95 | AY628: 14.05 | AZ628: 14.1 | BA628: 14.08 | BB628: 13.97 | BC628: 13.88 | BD628: 13.85 | BE628: 13.83 | BF628: 13.8 | BG628: 13.77 | BH628: 13.86 | BI628: 13.82 | BJ628: 13.81 | BK628: 13.79 | BL628: 13.79 | BM628: 13.79 | BN628: 13.78 | BO628: 13.75 | BP628: 13.82 | BQ628: =((AV628/BF628)^(1/(2010-2000)))-1 -> 0.0024368712 | BR628: =((AM628/AV628)^(1/(2019-2010)))-1 -> 0.0017943902
A629: AUS | B629: Australia | C629: =VLOOKUP(historical_emissions[[#This Row],[Country]],'Liste-Pays'!A:B,2,0) -> AUS | D629: Climate Watch | E629: Industrial Processes | F629: F-Gas | G629: MtCO₂e | H629: =I629*(1+$BR629) -> 74.020169 | I629: =J629*(1+$BR629) -> 70.753245 | J629: =K629*(1+$BR629) -> 67.630509 | K629: =L629*(1+$BR629) -> 64.645597 | L629: =M629*(1+$BR629) -> 61.792426 | M629: =N629*(1+$BR629) -> 59.065181 | N629: =O629*(1+$BR629) -> 56.458305 | O629: =P629*(1+$BR629) -> 53.966484 | ... Y629: =Z629*(1+$BR629) -> 34.362683 | Z629: =AA629*(1+$BQ629) -> 32.846066 | AA629: =AB629*(1+$BQ629) -> 30.206084 | AB629: =AC629*(1+$BQ629) -> 27.77829 | AC629: =AD629*(1+$BQ629) -> 25.545627 | AD629: =AE629*(1+$BQ629) -> 23.492414 | AE629: =AF629*(1+$BQ629) -> 21.604226 | AF629: =AG629*(1+$BQ629) -> 19.8678 | AG629: =AH629*(1+$BQ629) -> 18.270939 | ... AI629: =AJ629*(1+$BQ629) -> 15.45194 | AJ629: 14.21 | AK629: 13.55 | AL629: 12.9 | AM629: 12.7 | AN629: 11.8 | AO629: 11.77 | AP629: 11.57 | AQ629: 11.12 | AR629: 10.57 | AS629: 9.84 | AT629: 9.59 | AU629: 9.21 | AV629: 8.46 | AW629: 7.91 | AX629: 7.13 | AY629: 6.66 | AZ629: 6.07 | BA629: 6.76 | BB629: 6.05 | BC629: 5.48 | BD629: 4.98 | BE629: 4.62 | BF629: 3.66 | BG629: 3.24 | BH629: 3.47 | BI629: 2.87 | BJ629: 3.0 | BK629: 3.78 | BL629: 4.52 | BM629: 7.25 | BN629: 7.53 | BO629: 7.7 | BP629: 7.68 | BQ629: =((AV629/BF629)^(1/(2010-2000)))-1 -> 0.087398996 | BR629: =((AM629/AV629)^(1/(2019-2010)))-1 -> 0.046173479
A630: AUS | B630: Australia | C630: =VLOOKUP(historical_emissions[[#This Row],[Country]],'Liste-Pays'!A:B,2,0) -> AUS | D630: Climate Watch | E630: Total including LUCF | F630: F-Gas | G630: MtCO₂e | H630: =I630*(1+$BR630) -> 74.020169 | I630: =J630*(1+$BR630) -> 70.753245 | J630: =K630*(1+$BR630) -> 67.630509 | K630: =L630*(1+$BR630) -> 64.645597 | L630: =M630*(1+$BR630) -> 61.792426 | M630: =N630*(1+$BR630) -> 59.065181 | N630: =O630*(1+$BR630) -> 56.458305 | O630: =P630*(1+$BR630) -> 53.966484 | ... Y630: =Z630*(1+$BR630) -> 34.362683 | Z630: =AA630*(1+$BQ630) -> 32.846066 | AA630: =AB630*(1+$BQ630) -> 30.206084 | AB630: =AC630*(1+$BQ630) -> 27.77829 | AC630: =AD630*(1+$BQ630) -> 25.545627 | AD630: =AE630*(1+$BQ630) -> 23.492414 | AE630: =AF630*(1+$BQ630) -> 21.604226 | AF630: =AG630*(1+$BQ630) -> 19.8678 | AG630: =AH630*(1+$BQ630) -> 18.270939 | ... AI630: =AJ630*(1+$BQ630) -> 15.45194 | AJ630: 14.21 | AK630: 13.55 | AL630: 12.9 | AM630: 12.7 | AN630: 11.8 | AO630: 11.77 | AP630: 11.57 | AQ630: 11.12 | AR630: 10.57 | AS630: 9.84 | AT630: 9.59 | AU630: 9.21 | AV630: 8.46 | AW630: 7.91 | AX630: 7.13 | AY630: 6.66 | AZ630: 6.07 | BA630: 6.76 | BB630: 6.05 | BC630: 5.48 | BD630: 4.98 | BE630: 4.62 | BF630: 3.66 | BG630: 3.24 | BH630: 3.47 | BI630: 2.87 | BJ630: 3.0 | BK630: 3.78 | BL630: 4.52 | BM630: 7.25 | BN630: 7.53 | BO630: 7.7 | BP630: 7.68 | BQ630: =((AV630/BF630)^(1/(2010-2000)))-1 -> 0.087398996 | BR630: =((AM630/AV630)^(1/(2019-2010)))-1 -> 0.046173479
A631: TTO | B631: Trinidad and Tobago | C631: =VLOOKUP(historical_emissions[[#This Row],[Country]],'Liste-Pays'!A:B,2,0) -> CSA | D631: Climate Watch | E631: Energy | F631: CO2 | G631: MtCO₂e | H631: =I631*(1+$BR631) -> 19.1981 | I631: =J631*(1+$BR631) -> 19.672811 | J631: =K631*(1+$BR631) -> 20.159261 | K631: =L631*(1+$BR631) -> 20.657739 | L631: =M631*(1+$BR631) -> 21.168543 | M631: =N631*(1+$BR631) -> 21.691978 | N631: =O631*(1+$BR631) -> 22.228356 | O631: =P631*(1+$BR631) -> 22.777997 | ... Y631: =Z631*(1+$BR631) -> 29.080198 | Z631: =AA631*(1+$BQ631) -> 29.799264 | AA631: =AB631*(1+$BQ631) -> 27.629101 | AB631: =AC631*(1+$BQ631) -> 25.616983 | AC631: =AD631*(1+$BQ631) -> 23.751399 | AD631: =AE631*(1+$BQ631) -> 22.021678 | AE631: =AF631*(1+$BQ631) -> 20.417926 | AF631: =AG631*(1+$BQ631) -> 18.930969 | AG631: =AH631*(1+$BQ631) -> 17.552301 | ... AI631: =AJ631*(1+$BQ631) -> 15.088862 | AJ631: 13.99 | AK631: 13.35 | AL631: 15.23 | AM631: 16.96 | AN631: 17.54 | AO631: 17.99 | AP631: 18.03 | AQ631: 21.02 | AR631: 21.73 | AS631: 21.9 | AT631: 21.25 | AU631: 21.91 | AV631: 21.13 | AW631: 18.68 | AX631: 19.74 | AY631: 20.12 | AZ631: 19.69 | BA631: 17.29 | BB631: 15.86 | BC631: 15.12 | BD631: 12.36 | BE631: 11.32 | BF631: 9.92 | BG631: 9.6 | BH631: 9.63 | BI631: 9.4 | BJ631: 8.92 | BK631: 8.37 | BL631: 8.53 | BM631: 10.43 | BN631: 12.82 | BO631: 12.71 | BP631: 12.84 | BQ631: =((AV631/BF631)^(1/(2010-2000)))-1 -> 0.078546273 | BR631: =((AM631/AV631)^(1/(2019-2010)))-1 -> -0.024130338
A632: ITA | B632: Italy | C632: =VLOOKUP(historical_emissions[[#This Row],[Country]],'Liste-Pays'!A:B,2,0) -> WEU | D632: Climate Watch | E632: Total including LUCF | F632: N2O | G632: MtCO₂e | H632: =I632*(1+$BR632) -> 8.2063084 | I632: =J632*(1+$BR632) -> 8.2351093 | J632: =K632*(1+$BR632) -> 8.2640112 | K632: =L632*(1+$BR632) -> 8.2930145 | L632: =M632*(1+$BR632) -> 8.3221196 | M632: =N632*(1+$BR632) -> 8.3513269 | N632: =O632*(1+$BR632) -> 8.3806367 | O632: =P632*(1+$BR632) -> 8.4100493 | ... Y632: =Z632*(1+$BR632) -> 8.7099134 | Z632: =AA632*(1+$BQ632) -> 8.7404816 | AA632: =AB632*(1+$BQ632) -> 9.1594705 | AB632: =AC632*(1+$BQ632) -> 9.5985443 | AC632: =AD632*(1+$BQ632) -> 10.058666 | AD632: =AE632*(1+$BQ632) -> 10.540844 | AE632: =AF632*(1+$BQ632) -> 11.046136 | AF632: =AG632*(1+$BQ632) -> 11.57565 | AG632: =AH632*(1+$BQ632) -> 12.130547 | ... AI632: =AJ632*(1+$BQ632) -> 13.321417 | AJ632: 13.96 | AK632: 14.11 | AL632: 13.89 | AM632: 14.36 | AN632: 14.45 | AO632: 14.27 | AP632: 14.33 | AQ632: 14.3 | AR632: 14.18 | AS632: 14.53 | AT632: 14.74 | AU632: 14.36 | AV632: 14.82 | AW632: 15.32 | AX632: 16.47 | AY632: 17.79 | AZ632: 18.27 | BA632: 22.73 | BB632: 23.92 | BC632: 22.74 | BD632: 23.29 | BE632: 22.62 | BF632: 23.67 | BG632: 23.38 | BH632: 23.15 | BI632: 22.82 | BJ632: 23.1 | BK632: 22.91 | BL632: 22.26 | BM632: 22.89 | BN632: 23.08 | BO632: 23.58 | BP632: 23.57 | BQ632: =((AV632/BF632)^(1/(2010-2000)))-1 -> -0.045743791 | BR632: =((AM632/AV632)^(1/(2019-2010)))-1 -> -0.0034973208
A633: TZA | B633: Tanzania | C633: =VLOOKUP(historical_emissions[[#This Row],[Country]],'Liste-Pays'!A:B,2,0) -> AFR | D633: Climate Watch | E633: Building | F633: CH4 | G633: MtCO₂e | H633: =I633*(1+$BR633) -> 24.31278 | I633: =J633*(1+$BR633) -> 23.914735 | J633: =K633*(1+$BR633) -> 23.523206 | K633: =L633*(1+$BR633) -> 23.138088 | L633: =M633*(1+$BR633) -> 22.759275 | M633: =N633*(1+$BR633) -> 22.386663 | N633: =O633*(1+$BR633) -> 22.020152 | O633: =P633*(1+$BR633) -> 21.659642 | ... Y633: =Z633*(1+$BR633) -> 18.363725 | Z633: =AA633*(1+$BQ633) -> 18.063077 | AA633: =AB633*(1+$BQ633) -> 17.599797 | AB633: =AC633*(1+$BQ633) -> 17.1484 | AC633: =AD633*(1+$BQ633) -> 16.70858 | AD633: =AE633*(1+$BQ633) -> 16.280041 | AE633: =AF633*(1+$BQ633) -> 15.862492 | AF633: =AG633*(1+$BQ633) -> 15.455653 | AG633: =AH633*(1+$BQ633) -> 15.059249 | ... AI633: =AJ633*(1+$BQ633) -> 14.296679 | AJ633: 13.93 | AK633: 13.8 | AL633: 13.82 | AM633: 13.69 | AN633: 12.96 | AO633: 12.79 | AP633: 12.68 | AQ633: 12.47 | AR633: 12.17 | AS633: 12.33 | AT633: 11.86 | AU633: 12.18 | AV633: 11.8 | AW633: 11.57 | AX633: 11.22 | AY633: 11.05 | AZ633: 11.03 | BA633: 10.71 | BB633: 10.23 | BC633: 10.16 | BD633: 9.75 | BE633: 9.35 | BF633: 9.1 | BG633: 8.62 | BH633: 8.17 | BI633: 7.75 | BJ633: 7.61 | BK633: 7.47 | BL633: 7.33 | BM633: 5.84 | BN633: 5.45 | BO633: 5.28 | BP633: 5.13 | BQ633: =((AV633/BF633)^(1/(2010-2000)))-1 -> 0.026323 | BR633: =((AM633/AV633)^(1/(2019-2010)))-1 -> 0.016644344
A634: KEN | B634: Kenya | C634: =VLOOKUP(historical_emissions[[#This Row],[Country]],'Liste-Pays'!A:B,2,0) -> AFR | D634: Climate Watch | E634: Total including LUCF | F634: CO2 | G634: MtCO₂e | H634: =I634*(1+$BR634) -> 12.557706 | I634: =J634*(1+$BR634) -> 14.010804 | J634: =K634*(1+$BR634) -> 15.632046 | K634: =L634*(1+$BR634) -> 17.440887 | L634: =M634*(1+$BR634) -> 19.459036 | M634: =N634*(1+$BR634) -> 21.710712 | N634: =O634*(1+$BR634) -> 24.222937 | O634: =P634*(1+$BR634) -> 27.025862 | ... Y634: =Z634*(1+$BR634) -> 80.780588 | Z634: =AA634*(1+$BQ634) -> 90.128005 | AA634: =AB634*(1+$BQ634) -> 74.690811 | AB634: =AC634*(1+$BQ634) -> 61.897712 | AC634: =AD634*(1+$BQ634) -> 51.295824 | AD634: =AE634*(1+$BQ634) -> 42.509836 | AE634: =AF634*(1+$BQ634) -> 35.228719 | AF634: =AG634*(1+$BQ634) -> 29.194717 | AG634: =AH634*(1+$BQ634) -> 24.194223 | ... AI634: =AJ634*(1+$BQ634) -> 16.616001 | AJ634: 13.77 | AK634: 13.03 | AL634: 10.09 | AM634: 10.53 | AN634: 10.08 | AO634: 10.45 | AP634: 9.32 | AQ634: 24.06 | AR634: 23.18 | AS634: 21.11 | AT634: 20.07 | AU634: 21.09 | AV634: 28.21 | AW634: 27.4 | AX634: 25.4 | AY634: 24.89 | AZ634: 24.88 | BA634: 23.78 | BB634: 22.86 | BC634: 22.02 | BD634: 22.76 | BE634: 22.99 | BF634: 4.31 | BG634: 3.37 | BH634: 3.15 | BI634: 2.52 | BJ634: 2.89 | BK634: 2.24 | BL634: 1.78 | BM634: 1.66 | BN634: 1.76 | BO634: 1.69 | BP634: 1.94 | BQ634: =((AV634/BF634)^(1/(2010-2000)))-1 -> 0.2066813 | BR634: =((AM634/AV634)^(1/(2019-2010)))-1 -> -0.10371268
A635: PHL | B635: Philippines | C635: =VLOOKUP(historical_emissions[[#This Row],[Country]],'Liste-Pays'!A:B,2,0) -> ODA | D635: Climate Watch | E635: Total including LUCF | F635: N2O | G635: MtCO₂e | H635: =I635*(1+$BR635) -> 20.132195 | I635: =J635*(1+$BR635) -> 19.866658 | J635: =K635*(1+$BR635) -> 19.604623 | K635: =L635*(1+$BR635) -> 19.346044 | L635: =M635*(1+$BR635) -> 19.090876 | M635: =N635*(1+$BR635) -> 18.839074 | N635: =O635*(1+$BR635) -> 18.590593 | O635: =P635*(1+$BR635) -> 18.345389 | ... Y635: =Z635*(1+$BR635) -> 16.064374 | Z635: =AA635*(1+$BQ635) -> 15.85249 | AA635: =AB635*(1+$BQ635) -> 15.617122 | AB635: =AC635*(1+$BQ635) -> 15.385249 | AC635: =AD635*(1+$BQ635) -> 15.156818 | AD635: =AE635*(1+$BQ635) -> 14.931779 | AE635: =AF635*(1+$BQ635) -> 14.710081 | AF635: =AG635*(1+$BQ635) -> 14.491675 | AG635: =AH635*(1+$BQ635) -> 14.276512 | ... AI635: =AJ635*(1+$BQ635) -> 13.855721 | AJ635: 13.65 | AK635: 13.14 | AL635: 13.29 | AM635: 13.14 | AN635: 12.67 | AO635: 13.19 | AP635: 12.21 | AQ635: 11.5 | AR635: 11.75 | AS635: 11.31 | AT635: 10.89 | AU635: 11.09 | AV635: 11.66 | AW635: 10.62 | AX635: 10.31 | AY635: 10.87 | AZ635: 10.44 | BA635: 10.96 | BB635: 11.33 | BC635: 10.81 | BD635: 10.04 | BE635: 10.26 | BF635: 10.04 | BG635: 9.91 | BH635: 9.34 | BI635: 10.21 | BJ635: 9.62 | BK635: 8.84 | BL635: 8.61 | BM635: 8.42 | BN635: 7.98 | BO635: 7.67 | BP635: 8.24 | BQ635: =((AV635/BF635)^(1/(2010-2000)))-1 -> 0.015071148 | BR635: =((AM635/AV635)^(1/(2019-2010)))-1 -> 0.013365962
A636: ISR | B636: Israel | C636: =VLOOKUP(historical_emissions[[#This Row],[Country]],'Liste-Pays'!A:B,2,0) -> MEA | D636: Climate Watch | E636: Industrial Processes | F636: F-Gas | G636: MtCO₂e | H636: =I636*(1+$BR636) -> 45.331036 | I636: =J636*(1+$BR636) -> 43.750111 | J636: =K636*(1+$BR636) -> 42.224322 | K636: =L636*(1+$BR636) -> 40.751744 | L636: =M636*(1+$BR636) -> 39.330523 | M636: =N636*(1+$BR636) -> 37.958868 | N636: =O636*(1+$BR636) -> 36.635048 | O636: =P636*(1+$BR636) -> 35.357397 | ... Y636: =Z636*(1+$BR636) -> 24.792225 | Z636: =AA636*(1+$BQ636) -> 23.927594 | AA636: =AB636*(1+$BQ636) -> 22.613252 | AB636: =AC636*(1+$BQ636) -> 21.371106 | AC636: =AD636*(1+$BQ636) -> 20.197192 | AD636: =AE636*(1+$BQ636) -> 19.087761 | AE636: =AF636*(1+$BQ636) -> 18.03927 | AF636: =AG636*(1+$BQ636) -> 17.048374 | AG636: =AH636*(1+$BQ636) -> 16.111907 | ... AI636: =AJ636*(1+$BQ636) -> 14.390468 | AJ636: 13.6 | AK636: 12.52 | AL636: 11.44 | AM636: 10.97 | AN636: 10.49 | AO636: 10.02 | AP636: 9.54 | AQ636: 9.06 | AR636: 8.85 | AS636: 8.63 | AT636: 8.41 | AU636: 8.19 | AV636: 7.97 | AW636: 7.46 | AX636: 6.96 | AY636: 6.45 | AZ636: 5.94 | BA636: 5.44 | BB636: 5.25 | BC636: 5.07 | BD636: 4.89 | BE636: 4.71 | BF636: 4.53 | BG636: 3.82 | BH636: 3.1 | BI636: 2.39 | BJ636: 1.67 | BK636: 0.96 | BL636: 0.83 | BM636: 0.71 | BN636: 0.58 | BO636: 0.45 | BP636: 0.33 | BQ636: =((AV636/BF636)^(1/(2010-2000)))-1 -> 0.058122652 | BR636: =((AM636/AV636)^(1/(2019-2010)))-1 -> 0.03613532
A637: ISR | B637: Israel | C637: =VLOOKUP(historical_emissions[[#This Row],[Country]],'Liste-Pays'!A:B,2,0) -> MEA | D637: Climate Watch | E637: Total including LUCF | F637: F-Gas | G637: MtCO₂e | H637: =I637*(1+$BR637) -> 45.331036 | I637: =J637*(1+$BR637) -> 43.750111 | J637: =K637*(1+$BR637) -> 42.224322 | K637: =L637*(1+$BR637) -> 40.751744 | L637: =M637*(1+$BR637) -> 39.330523 | M637: =N637*(1+$BR637) -> 37.958868 | N637: =O637*(1+$BR637) -> 36.635048 | O637: =P637*(1+$BR637) -> 35.357397 | ... Y637: =Z637*(1+$BR637) -> 24.792225 | Z637: =AA637*(1+$BQ637) -> 23.927594 | AA637: =AB637*(1+$BQ637) -> 22.613252 | AB637: =AC637*(1+$BQ637) -> 21.371106 | AC637: =AD637*(1+$BQ637) -> 20.197192 | AD637: =AE637*(1+$BQ637) -> 19.087761 | AE637: =AF637*(1+$BQ637) -> 18.03927 | AF637: =AG637*(1+$BQ637) -> 17.048374 | AG637: =AH637*(1+$BQ637) -> 16.111907 | ... AI637: =AJ637*(1+$BQ637) -> 14.390468 | AJ637: 13.6 | AK637: 12.52 | AL637: 11.44 | AM637: 10.97 | AN637: 10.49 | AO637: 10.02 | AP637: 9.54 | AQ637: 9.06 | AR637: 8.85 | AS637: 8.63 | AT637: 8.41 | AU637: 8.19 | AV637: 7.97 | AW637: 7.46 | AX637: 6.96 | AY637: 6.45 | AZ637: 5.94 | BA637: 5.44 | BB637: 5.25 | BC637: 5.07 | BD637: 4.89 | BE637: 4.71 | BF637: 4.53 | BG637: 3.82 | BH637: 3.1 | BI637: 2.39 | BJ637: 1.67 | BK637: 0.96 | BL637: 0.83 | BM637: 0.71 | BN637: 0.58 | BO637: 0.45 | BP637: 0.33 | BQ637: =((AV637/BF637)^(1/(2010-2000)))-1 -> 0.058122652 | BR637: =((AM637/AV637)^(1/(2019-2010)))-1 -> 0.03613532
A638: CHL | B638: Chile | C638: =VLOOKUP(historical_emissions[[#This Row],[Country]],'Liste-Pays'!A:B,2,0) -> CSA | D638: Climate Watch | E638: Total including LUCF | F638: CH4 | G638: MtCO₂e | H638: =I638*(1+$BR638) -> 16.419097 | I638: =J638*(1+$BR638) -> 16.252012 | J638: =K638*(1+$BR638) -> 16.086628 | K638: =L638*(1+$BR638) -> 15.922926 | L638: =M638*(1+$BR638) -> 15.76089 | M638: =N638*(1+$BR638) -> 15.600504 | N638: =O638*(1+$BR638) -> 15.441749 | O638: =P638*(1+$BR638) -> 15.28461 | ... Y638: =Z638*(1+$BR638) -> 13.798538 | Z638: =AA638*(1+$BQ638) -> 13.65812 | AA638: =AB638*(1+$BQ638) -> 13.651293 | AB638: =AC638*(1+$BQ638) -> 13.644469 | AC638: =AD638*(1+$BQ638) -> 13.637648 | AD638: =AE638*(1+$BQ638) -> 13.630831 | AE638: =AF638*(1+$BQ638) -> 13.624018 | AF638: =AG638*(1+$BQ638) -> 13.617207 | AG638: =AH638*(1+$BQ638) -> 13.6104 | ... AI638: =AJ638*(1+$BQ638) -> 13.596797 | AJ638: 13.59 | AK638: 13.33 | AL638: 13.48 | AM638: 13.19 | AN638: 12.65 | AO638: 12.64 | AP638: 11.34 | AQ638: 11.2 | AR638: 11.17 | AS638: 11.86 | AT638: 12.88 | AU638: 12.35 | AV638: 12.03 | AW638: 12.08 | AX638: 12.11 | AY638: 12.14 | AZ638: 12.56 | BA638: 12.59 | BB638: 12.55 | BC638: 12.27 | BD638: 12.18 | BE638: 12.05 | BF638: 11.97 | BG638: 12.09 | BH638: 11.93 | BI638: 11.72 | BJ638: 11.19 | BK638: 10.93 | BL638: 10.63 | BM638: 10.19 | BN638: 9.85 | BO638: 9.53 | BP638: 9.36 | BQ638: =((AV638/BF638)^(1/(2010-2000)))-1 -> 0.00050012606 | BR638: =((AM638/AV638)^(1/(2019-2010)))-1 -> 0.010280871
A639: AUS | B639: Australia | C639: =VLOOKUP(historical_emissions[[#This Row],[Country]],'Liste-Pays'!A:B,2,0) -> AUS | D639: Climate Watch | E639: Building | F639: CO2 | G639: MtCO₂e | H639: =I639*(1+$BR639) -> 17.817338 | I639: =J639*(1+$BR639) -> 17.723081 | J639: =K639*(1+$BR639) -> 17.629322 | K639: =L639*(1+$BR639) -> 17.53606 | L639: =M639*(1+$BR639) -> 17.443291 | M639: =N639*(1+$BR639) -> 17.351012 | N639: =O639*(1+$BR639) -> 17.259222 | O639: =P639*(1+$BR639) -> 17.167918 | ... Y639: =Z639*(1+$BR639) -> 16.281021 | Z639: =AA639*(1+$BQ639) -> 16.194891 | AA639: =AB639*(1+$BQ639) -> 15.9028 | AB639: =AC639*(1+$BQ639) -> 15.615978 | AC639: =AD639*(1+$BQ639) -> 15.334328 | AD639: =AE639*(1+$BQ639) -> 15.057759 | AE639: =AF639*(1+$BQ639) -> 14.786177 | AF639: =AG639*(1+$BQ639) -> 14.519494 | AG639: =AH639*(1+$BQ639) -> 14.25762 | ... AI639: =AJ639*(1+$BQ639) -> 13.747958 | AJ639: 13.5 | AK639: 13.68 | AL639: 13.64 | AM639: 13.3 | AN639: 13.47 | AO639: 13.62 | AP639: 13.36 | AQ639: 14.44 | AR639: 14.17 | AS639: 13.68 | AT639: 13.4 | AU639: 13.14 | AV639: 12.68 | AW639: 12.53 | AX639: 11.92 | AY639: 11.82 | AZ639: 11.56 | BA639: 11.36 | BB639: 11.25 | BC639: 11.31 | BD639: 11.14 | BE639: 10.84 | BF639: 10.57 | BG639: 10.31 | BH639: 10.4 | BI639: 10.17 | BJ639: 10.09 | BK639: 9.72 | BL639: 9.16 | BM639: 9.37 | BN639: 9.01 | BO639: 8.68 | BP639: 8.63 | BQ639: =((AV639/BF639)^(1/(2010-2000)))-1 -> 0.018367256 | BR639: =((AM639/AV639)^(1/(2019-2010)))-1 -> 0.0053183241
... A1013: BWA | B1013: Botswana | C1013: =VLOOKUP(historical_emissions[[#This Row],[Country]],'Liste-Pays'!A:B,2,0) -> AFR | D1013: Climate Watch | E1013: Total including LUCF | F1013: N2O | G1013: MtCO₂e | H1013: =I1013*(1+$BR1013) -> 0.22372904 | I1013: =J1013*(1+$BR1013) -> 0.27724461 | J1013: =K1013*(1+$BR1013) -> 0.34356102 | K1013: =L1013*(1+$BR1013) -> 0.42574019 | L1013: =M1013*(1+$BR1013) -> 0.52757647 | M1013: =N1013*(1+$BR1013) -> 0.6537718 | N1013: =O1013*(1+$BR1013) -> 0.81015282 | O1013: =P1013*(1+$BR1013) -> 1.0039399 | ... Y1013: =Z1013*(1+$BR1013) -> 8.5726554 | Z1013: =AA1013*(1+$BQ1013) -> 10.623219 | AA1013: =AB1013*(1+$BQ1013) -> 9.8341917 | AB1013: =AC1013*(1+$BQ1013) -> 9.1037685 | AC1013: =AD1013*(1+$BQ1013) -> 8.4275966 | AD1013: =AE1013*(1+$BQ1013) -> 7.8016467 | AE1013: =AF1013*(1+$BQ1013) -> 7.2221884 | AF1013: =AG1013*(1+$BQ1013) -> 6.6857687 | AG1013: =AH1013*(1+$BQ1013) -> 6.189191 | ... AI1013: =AJ1013*(1+$BQ1013) -> 5.3039443 | AJ1013: 4.91 | AK1013: 6.51 | AL1013: 2.67 | AM1013: 1.19 | AN1013: 2.08 | AO1013: 3.1 | AP1013: 1.54 | AQ1013: 1.93 | AR1013: 2.2 | AS1013: 3.44 | AT1013: 4.09 | AU1013: 10.67 | AV1013: 8.2 | AW1013: 2.34 | AX1013: 6.86 | AY1013: 2.57 | AZ1013: 3.42 | BA1013: 2.41 | BB1013: 1.85 | BC1013: 1.67 | BD1013: 5.37 | BE1013: 5.2 | BF1013: 3.79 | BG1013: 4.0 | BH1013: 4.12 | BI1013: 4.57 | BJ1013: 4.84 | BK1013: 4.31 | BL1013: 4.03 | BM1013: 3.91 | BN1013: 4.01 | BO1013: 4.12 | BP1013: 4.29 | BQ1013: =((AV1013/BF1013)^(1/(2010-2000)))-1 -> 0.080233059 | BR1013: =((AM1013/AV1013)^(1/(2019-2010)))-1 -> -0.19302657
A1014: LAO | B1014: Laos | C1014: =VLOOKUP(historical_emissions[[#This Row],[Country]],'Liste-Pays'!A:B,2,0) -> ODA-EXCLUDED | D1014: Climate Watch | E1014: Industrial Processes | F1014: CO2 | G1014: MtCO₂e | H1014: =I1014*(1+$BR1014) -> 1052.4396 | I1014: =J1014*(1+$BR1014) -> 894.37559 | J1014: =K1014*(1+$BR1014) -> 760.05092 | K1014: =L1014*(1+$BR1014) -> 645.90023 | L1014: =M1014*(1+$BR1014) -> 548.89363 | M1014: =N1014*(1+$BR1014) -> 466.45628 | N1014: =O1014*(1+$BR1014) -> 396.40004 | O1014: =P1014*(1+$BR1014) -> 336.86543 | ... Y1014: =Z1014*(1+$BR1014) -> 66.173476 | Z1014: =AA1014*(1+$BQ1014) -> 56.235 | AA1014: =AB1014*(1+$BQ1014) -> 44.049087 | AB1014: =AC1014*(1+$BQ1014) -> 34.503816 | AC1014: =AD1014*(1+$BQ1014) -> 27.026969 | AD1014: =AE1014*(1+$BQ1014) -> 21.170327 | AE1014: =AF1014*(1+$BQ1014) -> 16.582797 | AF1014: =AG1014*(1+$BQ1014) -> 12.989367 | AG1014: =AH1014*(1+$BQ1014) -> 10.17462 | ... AI1014: =AJ1014*(1+$BQ1014) -> 6.2427888 | AJ1014: 4.89 | AK1014: 5.5 | AL1014: 2.35 | AM1014: 1.99 | AN1014: 1.83 | AO1014: 1.5 | AP1014: 1.3 | AQ1014: 1.18 | AR1014: 0.84 | AS1014: 0.82 | AT1014: 0.57 | AU1014: 0.49 | AV1014: 0.46 | AW1014: 0.38 | AX1014: 0.15 | AY1014: 0.15 | AZ1014: 0.16 | BA1014: 0.1 | BB1014: 0.1 | BC1014: 0.1 | BD1014: 0.1 | BE1014: 0.04 | BF1014: 0.04 | BG1014: 0.03 | BH1014: 0.03 | BI1014: 0.03 | BJ1014: 0.03 | BK1014: 0.0 | BL1014: 0.0 | BM1014: 0.0 | BN1014: 0.0 | BO1014: N/A | BQ1014: =((AV1014/BF1014)^(1/(2010-2000)))-1 -> 0.27664393 | BR1014: =((AM1014/AV1014)^(1/(2019-2010)))-1 -> 0.17673115
A1015: MWI | B1015: Malawi | C1015: =VLOOKUP(historical_emissions[[#This Row],[Country]],'Liste-Pays'!A:B,2,0) -> AFR | D1015: Climate Watch | E1015: Total including LUCF | F1015: N2O | G1015: MtCO₂e | H1015: =I1015*(1+$BR1015) -> 29.251686 | I1015: =J1015*(1+$BR1015) -> 27.644258 | J1015: =K1015*(1+$BR1015) -> 26.12516 | K1015: =L1015*(1+$BR1015) -> 24.689539 | L1015: =M1015*(1+$BR1015) -> 23.332808 | M1015: =N1015*(1+$BR1015) -> 22.050631 | N1015: =O1015*(1+$BR1015) -> 20.838913 | O1015: =P1015*(1+$BR1015) -> 19.69378 | ... Y1015: =Z1015*(1+$BR1015) -> 11.191011 | Z1015: =AA1015*(1+$BQ1015) -> 10.576047 | AA1015: =AB1015*(1+$BQ1015) -> 9.7908839 | AB1015: =AC1015*(1+$BQ1015) -> 9.0640116 | AC1015: =AD1015*(1+$BQ1015) -> 8.3911021 | AD1015: =AE1015*(1+$BQ1015) -> 7.7681491 | AE1015: =AF1015*(1+$BQ1015) -> 7.191444 | AF1015: =AG1015*(1+$BQ1015) -> 6.6575534 | AG1015: =AH1015*(1+$BQ1015) -> 6.1632986 | ... AI1015: =AJ1015*(1+$BQ1015) -> 5.2821449 | AJ1015: 4.89 | AK1015: 4.75 | AL1015: 4.97 | AM1015: 4.64 | AN1015: 4.17 | AO1015: 3.41 | AP1015: 3.31 | AQ1015: 3.33 | AR1015: 3.23 | AS1015: 2.81 | AT1015: 2.83 | AU1015: 2.68 | AV1015: 2.79 | AW1015: 2.15 | AX1015: 2.31 | AY1015: 2.09 | AZ1015: 1.85 | BA1015: 1.84 | BB1015: 1.69 | BC1015: 1.75 | BD1015: 1.53 | BE1015: 1.29 | BF1015: 1.29 | BG1015: 1.25 | BH1015: 1.27 | BI1015: 1.21 | BJ1015: 1.22 | BK1015: 1.25 | BL1015: 1.09 | BM1015: 1.39 | BN1015: 1.36 | BO1015: 1.35 | BP1015: 1.25 | BQ1015: =((AV1015/BF1015)^(1/(2010-2000)))-1 -> 0.080193226 | BR1015: =((AM1015/AV1015)^(1/(2019-2010)))-1 -> 0.058146928
A1016: NIC | B1016: Nicaragua | C1016: =VLOOKUP(historical_emissions[[#This Row],[Country]],'Liste-Pays'!A:B,2,0) -> CSA | D1016: Climate Watch | E1016: Energy | F1016: CO2 | G1016: MtCO₂e | H1016: =I1016*(1+$BR1016) -> 7.733075 | I1016: =J1016*(1+$BR1016) -> 7.6159802 | J1016: =K1016*(1+$BR1016) -> 7.5006585 | K1016: =L1016*(1+$BR1016) -> 7.387083 | L1016: =M1016*(1+$BR1016) -> 7.2752273 | M1016: =N1016*(1+$BR1016) -> 7.1650653 | N1016: =O1016*(1+$BR1016) -> 7.0565714 | O1016: =P1016*(1+$BR1016) -> 6.9497203 | ... Y1016: =Z1016*(1+$BR1016) -> 5.9662739 | Z1016: =AA1016*(1+$BQ1016) -> 5.8759322 | AA1016: =AB1016*(1+$BQ1016) -> 5.7654436 | AB1016: =AC1016*(1+$BQ1016) -> 5.6570325 | AC1016: =AD1016*(1+$BQ1016) -> 5.55066 | AD1016: =AE1016*(1+$BQ1016) -> 5.4462876 | AE1016: =AF1016*(1+$BQ1016) -> 5.3438779 | AF1016: =AG1016*(1+$BQ1016) -> 5.2433937 | AG1016: =AH1016*(1+$BQ1016) -> 5.1447991 | ... AI1016: =AJ1016*(1+$BQ1016) -> 4.9531368 | AJ1016: 4.86 | AK1016: 4.76 | AL1016: 4.29 | AM1016: 4.91 | AN1016: 4.76 | AO1016: 5.13 | AP1016: 5.11 | AQ1016: 5.0 | AR1016: 4.49 | AS1016: 4.22 | AT1016: 4.45 | AU1016: 4.49 | AV1016: 4.28 | AW1016: 4.19 | AX1016: 4.29 | AY1016: 4.48 | AZ1016: 4.33 | BA1016: 4.12 | BB1016: 4.32 | BC1016: 4.19 | BD1016: 3.83 | BE1016: 3.71 | BF1016: 3.54 | BG1016: 3.39 | BH1016: 3.36 | BI1016: 2.86 | BJ1016: 2.66 | BK1016: 2.51 | BL1016: 2.39 | BM1016: 2.09 | BN1016: 2.12 | BO1016: 1.82 | BP1016: 1.84 | BQ1016: =((AV1016/BF1016)^(1/(2010-2000)))-1 -> 0.019163944 | BR1016: =((AM1016/AV1016)^(1/(2019-2010)))-1 -> 0.015374877
A1017: TTO | B1017: Trinidad and Tobago | C1017: =VLOOKUP(historical_emissions[[#This Row],[Country]],'Liste-Pays'!A:B,2,0) -> CSA | D1017: Climate Watch | E1017: Total including LUCF | F1017: CH4 | G1017: MtCO₂e | H1017: =I1017*(1+$BR1017) -> 5.4962424 | I1017: =J1017*(1+$BR1017) -> 5.6327132 | J1017: =K1017*(1+$BR1017) -> 5.7725726 | K1017: =L1017*(1+$BR1017) -> 5.9159046 | L1017: =M1017*(1+$BR1017) -> 6.0627956 | M1017: =N1017*(1+$BR1017) -> 6.2133338 | N1017: =O1017*(1+$BR1017) -> 6.3676099 | O1017: =P1017*(1+$BR1017) -> 6.5257167 | ... Y1017: =Z1017*(1+$BR1017) -> 8.3396117 | Z1017: =AA1017*(1+$BQ1017) -> 8.5466829 | AA1017: =AB1017*(1+$BQ1017) -> 8.0709106 | AB1017: =AC1017*(1+$BQ1017) -> 7.6216233 | AC1017: =AD1017*(1+$BQ1017) -> 7.1973467 | AD1017: =AE1017*(1+$BQ1017) -> 6.7966886 | AE1017: =AF1017*(1+$BQ1017) -> 6.418334 | AF1017: =AG1017*(1+$BQ1017) -> 6.0610415 | AG1017: =AH1017*(1+$BQ1017) -> 5.7236386 | ... AI1017: =AJ1017*(1+$BQ1017) -> 5.1041343 | AJ1017: 4.82 | AK1017: 4.68 | AL1017: 5.13 | AM1017: 5.83 | AN1017: 5.84 | AO1017: 5.8 | AP1017: 5.79 | AQ1017: 6.59 | AR1017: 7.06 | AS1017: 7.22 | AT1017: 7.25 | AU1017: 7.24 | AV1017: 7.27 | AW1017: 7.24 | AX1017: 7.36 | AY1017: 7.38 | AZ1017: 7.44 | BA1017: 6.63 | BB1017: 6.0 | BC1017: 5.79 | BD1017: 4.83 | BE1017: 4.29 | BF1017: 4.1 | BG1017: 3.7 | BH1017: 3.34 | BI1017: 3.35 | BJ1017: 3.57 | BK1017: 3.14 | BL1017: 3.48 | BM1017: 5.65 | BN1017: 8.2 | BO1017: 8.51 | BP1017: 9 | BQ1017: =((AV1017/BF1017)^(1/(2010-2000)))-1 -> 0.058949026 | BR1017: =((AM1017/AV1017)^(1/(2019-2010)))-1 -> -0.024228255
A1018: TUN | B1018: Tunisia | C1018: =VLOOKUP(historical_emissions[[#This Row],[Country]],'Liste-Pays'!A:B,2,0) -> AFR | D1018: Climate Watch | E1018: Manufacturing/Construction | F1018: CO2 | G1018: MtCO₂e | H1018: =I1018*(1+$BR1018) -> 6.9763249 | I1018: =J1018*(1+$BR1018) -> 6.9277275 | J1018: =K1018*(1+$BR1018) -> 6.8794686 | K1018: =L1018*(1+$BR1018) -> 6.8315459 | L1018: =M1018*(1+$BR1018) -> 6.783957 | M1018: =N1018*(1+$BR1018) -> 6.7366996 | N1018: =O1018*(1+$BR1018) -> 6.6897714 | O1018: =P1018*(1+$BR1018) -> 6.6431702 | ... Y1018: =Z1018*(1+$BR1018) -> 6.1946439 | Z1018: =AA1018*(1+$BQ1018) -> 6.1514917 | AA1018: =AB1018*(1+$BQ1018) -> 6.0032593 | AB1018: =AC1018*(1+$BQ1018) -> 5.8585989 | AC1018: =AD1018*(1+$BQ1018) -> 5.7174243 | AD1018: =AE1018*(1+$BQ1018) -> 5.5796516 | AE1018: =AF1018*(1+$BQ1018) -> 5.4451988 | AF1018: =AG1018*(1+$BQ1018) -> 5.3139859 | AG1018: =AH1018*(1+$BQ1018) -> 5.1859349 | ... AI1018: =AJ1018*(1+$BQ1018) -> 4.9390154 | AJ1018: 4.82 | AK1018: 4.85 | AL1018: 4.43 | AM1018: 4.92 | AN1018: 4.89 | AO1018: 5.18 | AP1018: 5.19 | AQ1018: 5.35 | AR1018: 5.35 | AS1018: 4.79 | AT1018: 4.66 | AU1018: 4.24 | AV1018: 4.62 | AW1018: 4.42 | AX1018: 5.03 | AY1018: 5.02 | AZ1018: 5.01 | BA1018: 4.57 | BB1018: 4.63 | BC1018: 4.39 | BD1018: 3.66 | BE1018: 3.72 | BF1018: 3.62 | BG1018: 3.31 | BH1018: 3.31 | BI1018: 3.16 | BJ1018: 3.14 | BK1018: 2.93 | BL1018: 2.9 | BM1018: 3.09 | BN1018: 3.41 | BO1018: 3.08 | BP1018: 3.39 | BQ1018: =((AV1018/BF1018)^(1/(2010-2000)))-1 -> 0.024691988 | BR1018: =((AM1018/AV1018)^(1/(2019-2010)))-1 -> 0.0070149151
A1019: DEU | B1019: Germany | C1019: =VLOOKUP(historical_emissions[[#This Row],[Country]],'Liste-Pays'!A:B,2,0) -> WEU | D1019: Climate Watch | E1019: Energy | F1019: N2O | G1019: MtCO₂e | H1019: =I1019*(1+$BR1019) -> 4.3019975 | I1019: =J1019*(1+$BR1019) -> 4.3365252 | J1019: =K1019*(1+$BR1019) -> 4.3713301 | K1019: =L1019*(1+$BR1019) -> 4.4064143 | L1019: =M1019*(1+$BR1019) -> 4.4417801 | M1019: =N1019*(1+$BR1019) -> 4.4774298 | N1019: =O1019*(1+$BR1019) -> 4.5133655 | O1019: =P1019*(1+$BR1019) -> 4.5495897 | ... Y1019: =Z1019*(1+$BR1019) -> 4.9282132 | Z1019: =AA1019*(1+$BQ1019) -> 4.967767 | AA1019: =AB1019*(1+$BQ1019) -> 4.9507297 | AB1019: =AC1019*(1+$BQ1019) -> 4.9337509 | AC1019: =AD1019*(1+$BQ1019) -> 4.9168303 | AD1019: =AE1019*(1+$BQ1019) -> 4.8999678 | AE1019: =AF1019*(1+$BQ1019) -> 4.8831631 | AF1019: =AG1019*(1+$BQ1019) -> 4.866416 | AG1019: =AH1019*(1+$BQ1019) -> 4.8497263 | ... AI1019: =AJ1019*(1+$BQ1019) -> 4.8165185 | AJ1019: 4.8 | AK1019: 4.75 | AL1019: 4.68 | AM1019: 4.96 | AN1019: 5.12 | AO1019: 5.29 | AP1019: 5.33 | AQ1019: 5.33 | AR1019: 5.34 | AS1019: 5.44 | AT1019: 5.38 | AU1019: 5.27 | AV1019: 5.33 | AW1019: 5.13 | AX1019: 5.32 | AY1019: 5.42 | AZ1019: 5.43 | BA1019: 5.15 | BB1019: 5.14 | BC1019: 5.13 | BD1019: 5.1 | BE1019: 5.15 | BF1019: 5.15 | BG1019: 5.2 | BH1019: 5.26 | BI1019: 5.25 | BJ1019: 5.27 | BK1019: 5.18 | BL1019: 5.19 | BM1019: 5.32 | BN1019: 5.32 | BO1019: 5.47 | BP1019: 5.55 | BQ1019: =((AV1019/BF1019)^(1/(2010-2000)))-1 -> 0.0034413603 | BR1019: =((AM1019/AV1019)^(1/(2019-2010)))-1 -> -0.0079620776
A1020: BWA | B1020: Botswana | C1020: =VLOOKUP(historical_emissions[[#This Row],[Country]],'Liste-Pays'!A:B,2,0) -> AFR | D1020: Climate Watch | E1020: Agriculture | F1020: N2O | G1020: MtCO₂e | H1020: =I1020*(1+$BR1020) -> 0.18253465 | I1020: =J1020*(1+$BR1020) -> 0.22863475 | J1020: =K1020*(1+$BR1020) -> 0.28637767 | K1020: =L1020*(1+$BR1020) -> 0.35870387 | L1020: =M1020*(1+$BR1020) -> 0.44929645 | M1020: =N1020*(1+$BR1020) -> 0.56276865 | N1020: =O1020*(1+$BR1020) -> 0.70489887 | O1020: =P1020*(1+$BR1020) -> 0.88292484 | ... Y1020: =Z1020*(1+$BR1020) -> 8.39253 | Z1020: =AA1020*(1+$BQ1020) -> 10.512108 | AA1020: =AB1020*(1+$BQ1020) -> 9.7174964 | AB1020: =AC1020*(1+$BQ1020) -> 8.9829495 | AC1020: =AD1020*(1+$BQ1020) -> 8.3039271 | AD1020: =AE1020*(1+$BQ1020) -> 7.6762321 | AE1020: =AF1020*(1+$BQ1020) -> 7.0959846 | AF1020: =AG1020*(1+$BQ1020) -> 6.5595982 | AG1020: =AH1020*(1+$BQ1020) -> 6.0637572 | ... AI1020: =AJ1020*(1+$BQ1020) -> 5.1816842 | AJ1020: 4.79 | AK1020: 6.39 | AL1020: 2.56 | AM1020: 1.07 | AN1020: 1.96 | AO1020: 2.99 | AP1020: 1.43 | AQ1020: 1.82 | AR1020: 2.09 | AS1020: 3.34 | AT1020: 4.0 | AU1020: 10.58 | AV1020: 8.12 | AW1020: 2.26 | AX1020: 6.77 | AY1020: 2.49 | AZ1020: 3.34 | BA1020: 2.33 | BB1020: 1.78 | BC1020: 1.59 | BD1020: 5.3 | BE1020: 5.12 | BF1020: 3.7 | BG1020: 3.87 | BH1020: 3.98 | BI1020: 4.45 | BJ1020: 4.71 | BK1020: 4.23 | BL1020: 3.96 | BM1020: 3.83 | BN1020: 3.94 | BO1020: 4.05 | BP1020: 4.22 | BQ1020: =((AV1020/BF1020)^(1/(2010-2000)))-1 -> 0.081771239 | BR1020: =((AM1020/AV1020)^(1/(2019-2010)))-1 -> -0.20163207
A1021: CAN | B1021: Canada | C1021: =VLOOKUP(historical_emissions[[#This Row],[Country]],'Liste-Pays'!A:B,2,0) -> CAN | D1021: Climate Watch | E1021: Energy | F1021: N2O | G1021: MtCO₂e | H1021: =I1021*(1+$BR1021) -> 5.8025777 | I1021: =J1021*(1+$BR1021) -> 5.7682349 | J1021: =K1021*(1+$BR1021) -> 5.7340954 | K1021: =L1021*(1+$BR1021) -> 5.7001579 | L1021: =M1021*(1+$BR1021) -> 5.6664212 | M1021: =N1021*(1+$BR1021) -> 5.6328842 | N1021: =O1021*(1+$BR1021) -> 5.5995458 | O1021: =P1021*(1+$BR1021) -> 5.5664046 | ... Y1021: =Z1021*(1+$BR1021) -> 5.2455917 | Z1021: =AA1021*(1+$BQ1021) -> 5.2145455 | AA1021: =AB1021*(1+$BQ1021) -> 5.1693698 | AB1021: =AC1021*(1+$BQ1021) -> 5.1245855 | AC1021: =AD1021*(1+$BQ1021) -> 5.0801892 | AD1021: =AE1021*(1+$BQ1021) -> 5.0361776 | AE1021: =AF1021*(1+$BQ1021) -> 4.9925472 | AF1021: =AG1021*(1+$BQ1021) -> 4.9492948 | AG1021: =AH1021*(1+$BQ1021) -> 4.9064171 | ... AI1021: =AJ1021*(1+$BQ1021) -> 4.8217729 | AJ1021: 4.78 | AK1021: 4.66 | AL1021: 4.52 | AM1021: 5.19 | AN1021: 5.26 | AO1021: 5.19 | AP1021: 4.98 | AQ1021: 5.01 | AR1021: 5.15 | AS1021: 5.1 | AT1021: 5.01 | AU1021: 5.05 | AV1021: 4.92 | AW1021: 4.67 | AX1021: 4.99 | AY1021: 5.02 | AZ1021: 4.75 | BA1021: 4.77 | BB1021: 4.72 | BC1021: 4.68 | BD1021: 4.59 | BE1021: 4.45 | BF1021: 4.51 | BG1021: 4.5 | BH1021: 4.37 | BI1021: 4.26 | BJ1021: 4.15 | BK1021: 4.14 | BL1021: 4.12 | BM1021: 3.93 | BN1021: 3.87 | BO1021: 3.72 | BP1021: 3.83 | BQ1021: =((AV1021/BF1021)^(1/(2010-2000)))-1 -> 0.0087391026 | BR1021: =((AM1021/AV1021)^(1/(2019-2010)))-1 -> 0.0059537834
A1022: KHM | B1022: Cambodia | C1022: =VLOOKUP(historical_emissions[[#This Row],[Country]],'Liste-Pays'!A:B,2,0) -> ODA-EXCLUDED | D1022: Climate Watch | E1022: Total including LUCF | F1022: N2O | G1022: MtCO₂e | H1022: =I1022*(1+$BR1022) -> 7.0107868 | I1022: =J1022*(1+$BR1022) -> 7.0649246 | J1022: =K1022*(1+$BR1022) -> 7.1194806 | K1022: =L1022*(1+$BR1022) -> 7.1744578 | L1022: =M1022*(1+$BR1022) -> 7.2298596 | M1022: =N1022*(1+$BR1022) -> 7.2856892 | N1022: =O1022*(1+$BR1022) -> 7.3419499 | O1022: =P1022*(1+$BR1022) -> 7.398645 | ... Y1022: =Z1022*(1+$BR1022) -> 7.9902423 | Z1022: =AA1022*(1+$BQ1022) -> 8.0519437 | AA1022: =AB1022*(1+$BQ1022) -> 7.6428167 | AB1022: =AC1022*(1+$BQ1022) -> 7.2544779 | AC1022: =AD1022*(1+$BQ1022) -> 6.8858709 | AD1022: =AE1022*(1+$BQ1022) -> 6.5359933 | AE1022: =AF1022*(1+$BQ1022) -> 6.2038932 | AF1022: =AG1022*(1+$BQ1022) -> 5.8886674 | AG1022: =AH1022*(1+$BQ1022) -> 5.5894586 | ... AI1022: =AJ1022*(1+$BQ1022) -> 5.0358778 | AJ1022: 4.78 | AK1022: 5.93 | AL1022: 5.66 | AM1022: 5.58 | AN1022: 6.05 | AO1022: 6.32 | AP1022: 6.01 | AQ1022: 6.45 | AR1022: 6.13 | AS1022: 6.34 | AT1022: 6.12 | AU1022: 7.28 | AV1022: 5.98 | AW1022: 6.73 | AX1022: 6.55 | AY1022: 6.95 | AZ1022: 6.88 | BA1022: 5.52 | BB1022: 6.95 | BC1022: 6.28 | BD1022: 5.68 | BE1022: 4.3 | BF1022: 3.55 | BG1022: 3.98 | BH1022: 4.05 | BI1022: 3.37 | BJ1022: 3.2 | BK1022: 5.02 | BL1022: 4.77 | BM1022: 4.81 | BN1022: 4.73 | BO1022: 4.56 | BP1022: 4.52 | BQ1022: =((AV1022/BF1022)^(1/(2010-2000)))-1 -> 0.053530912 | BR1022: =((AM1022/AV1022)^(1/(2019-2010)))-1 -> -0.0076629103
A1023: DNK | B1023: Denmark | C1023: =VLOOKUP(historical_emissions[[#This Row],[Country]],'Liste-Pays'!A:B,2,0) -> WEU | D1023: Climate Watch | E1023: Total including LUCF | F1023: N2O | G1023: MtCO₂e | H1023: =I1023*(1+$BR1023) -> 4.3954099 | I1023: =J1023*(1+$BR1023) -> 4.3737104 | J1023: =K1023*(1+$BR1023) -> 4.352118 | K1023: =L1023*(1+$BR1023) -> 4.3306322 | L1023: =M1023*(1+$BR1023) -> 4.3092525 | M1023: =N1023*(1+$BR1023) -> 4.2879783 | N1023: =O1023*(1+$BR1023) -> 4.2668091 | O1023: =P1023*(1+$BR1023) -> 4.2457445 | ... Y1023: =Z1023*(1+$BR1023) -> 4.0407339 | Z1023: =AA1023*(1+$BQ1023) -> 4.0207853 | AA1023: =AB1023*(1+$BQ1023) -> 4.0900784 | AB1023: =AC1023*(1+$BQ1023) -> 4.1605657 | AC1023: =AD1023*(1+$BQ1023) -> 4.2322678 | AD1023: =AE1023*(1+$BQ1023) -> 4.3052055 | AE1023: =AF1023*(1+$BQ1023) -> 4.3794002 | AF1023: =AG1023*(1+$BQ1023) -> 4.4548736 | AG1023: =AH1023*(1+$BQ1023) -> 4.5316476 | ... AI1023: =AJ1023*(1+$BQ1023) -> 4.6891878 | AJ1023: 4.77 | AK1023: 4.91 | AL1023: 5.13 | AM1023: 5.05 | AN1023: 4.92 | AO1023: 5.16 | AP1023: 5.13 | AQ1023: 5.08 | AR1023: 4.94 | AS1023: 4.77 | AT1023: 4.85 | AU1023: 4.84 | AV1023: 4.83 | AW1023: 4.84 | AX1023: 5.06 | AY1023: 4.94 | AZ1023: 4.91 | BA1023: 4.95 | BB1023: 5.0 | BC1023: 5.5 | BD1023: 5.38 | BE1023: 5.57 | BF1023: 5.73 | BG1023: 5.72 | BH1023: 5.83 | BI1023: 5.99 | BJ1023: 6.03 | BK1023: 6.1 | BL1023: 6.09 | BM1023: 6.16 | BN1023: 6.2 | BO1023: 6.62 | BP1023: 6.8 | BQ1023: =((AV1023/BF1023)^(1/(2010-2000)))-1 -> -0.016941753 | BR1023: =((AM1023/AV1023)^(1/(2019-2010)))-1 -> 0.0049613531
A1024: SLE | B1024: Sierra Leone | C1024: =VLOOKUP(historical_emissions[[#This Row],[Country]],'Liste-Pays'!A:B,2,0) -> AFR | D1024: Climate Watch | E1024: Total including LUCF | F1024: CO2 | G1024: MtCO₂e | H1024: =I1024*(1+$BR1024) -> 6.5127358 | I1024: =J1024*(1+$BR1024) -> 6.4294812 | J1024: =K1024*(1+$BR1024) -> 6.3472909 | K1024: =L1024*(1+$BR1024) -> 6.2661512 | L1024: =M1024*(1+$BR1024) -> 6.1860488 | M1024: =N1024*(1+$BR1024) -> 6.1069704 | N1024: =O1024*(1+$BR1024) -> 6.0289028 | O1024: =P1024*(1+$BR1024) -> 5.9518333 | ... Y1024: =Z1024*(1+$BR1024) -> 5.233298 | Z1024: =AA1024*(1+$BQ1024) -> 5.1663989 | AA1024: =AB1024*(1+$BQ1024) -> 5.1253199 | AB1024: =AC1024*(1+$BQ1024) -> 5.0845676 | AC1024: =AD1024*(1+$BQ1024) -> 5.0441393 | AD1024: =AE1024*(1+$BQ1024) -> 5.0040324 | AE1024: =AF1024*(1+$BQ1024) -> 4.9642444 | AF1024: =AG1024*(1+$BQ1024) -> 4.9247728 | AG1024: =AH1024*(1+$BQ1024) -> 4.8856151 | ... AI1024: =AJ1024*(1+$BQ1024) -> 4.8082311 | AJ1024: 4.77 | AK1024: 4.64 | AL1024: 4.41 | AM1024: 4.39 | AN1024: 4.4 | AO1024: 4.47 | AP1024: 4.52 | AQ1024: 4.46 | AR1024: 4.51 | AS1024: 4.43 | AT1024: 4.2 | AU1024: 4.08 | AV1024: 3.91 | AW1024: 3.86 | AX1024: 3.87 | AY1024: 3.85 | AZ1024: 3.94 | BA1024: 3.79 | BB1024: 3.88 | BC1024: 3.9 | BD1024: 3.85 | BE1024: 3.72 | BF1024: 3.61 | BG1024: 3.54 | BH1024: 3.57 | BI1024: 3.55 | BJ1024: 3.58 | BK1024: 3.58 | BL1024: 3.62 | BM1024: 3.62 | BN1024: 3.64 | BO1024: 3.66 | BP1024: 3.65 | BQ1024: =((AV1024/BF1024)^(1/(2010-2000)))-1 -> 0.008014909 | BR1024: =((AM1024/AV1024)^(1/(2019-2010)))-1 -> 0.012948881
A1025: AGO | B1025: Angola | C1025: =VLOOKUP(historical_emissions[[#This Row],[Country]],'Liste-Pays'!A:B,2,0) -> AFR | D1025: Climate Watch | E1025: Building | F1025: CH4 | G1025: MtCO₂e | H1025: =I1025*(1+$BR1025) -> 7.3876698 | I1025: =J1025*(1+$BR1025) -> 7.264279 | J1025: =K1025*(1+$BR1025) -> 7.1429492 | K1025: =L1025*(1+$BR1025) -> 7.0236457 | L1025: =M1025*(1+$BR1025) -> 6.906335 | M1025: =N1025*(1+$BR1025) -> 6.7909836 | N1025: =O1025*(1+$BR1025) -> 6.6775588 | O1025: =P1025*(1+$BR1025) -> 6.5660284 | ... Y1025: =Z1025*(1+$BR1025) -> 5.5482134 | Z1025: =AA1025*(1+$BQ1025) -> 5.4555457 | AA1025: =AB1025*(1+$BQ1025) -> 5.3782439 | AB1025: =AC1025*(1+$BQ1025) -> 5.3020374 | AC1025: =AD1025*(1+$BQ1025) -> 5.2269107 | AD1025: =AE1025*(1+$BQ1025) -> 5.1528485 | AE1025: =AF1025*(1+$BQ1025) -> 5.0798358 | AF1025: =AG1025*(1+$BQ1025) -> 5.0078575 | AG1025: =AH1025*(1+$BQ1025) -> 4.9368992 | ... AI1025: =AJ1025*(1+$BQ1025) -> 4.7979846 | AJ1025: 4.73 | AK1025: 4.67 | AL1025: 4.61 | AM1025: 4.55 | AN1025: 4.49 | AO1025: 4.42 | AP1025: 4.35 | AQ1025: 4.28 | AR1025: 4.21 | AS1025: 4.14 | AT1025: 4.06 | AU1025: 3.98 | AV1025: 3.91 | AW1025: 3.83 | AX1025: 3.76 | AY1025: 3.69 | AZ1025: 3.62 | BA1025: 3.55 | BB1025: 3.52 | BC1025: 3.49 | BD1025: 3.45 | BE1025: 3.42 | BF1025: 3.39 | BG1025: 3.36 | BH1025: 3.32 | BI1025: 3.28 | BJ1025: 3.24 | BK1025: 3.2 | BL1025: 3.16 | BM1025: 3.1 | BN1025: 3.03 | BO1025: 2.96 | BP1025: 2.89 | BQ1025: =((AV1025/BF1025)^(1/(2010-2000)))-1 -> 0.014373058 | BR1025: =((AM1025/AV1025)^(1/(2019-2010)))-1 -> 0.016985966
A1026: FIN | B1026: Finland | C1026: =VLOOKUP(historical_emissions[[#This Row],[Country]],'Liste-Pays'!A:B,2,0) -> WEU | D1026: Climate Watch | E1026: Total including LUCF | F1026: CH4 | G1026: MtCO₂e | H1026: =I1026*(1+$BR1026) -> 2.4990779 | I1026: =J1026*(1+$BR1026) -> 2.5561833 | J1026: =K1026*(1+$BR1026) -> 2.6145936 | K1026: =L1026*(1+$BR1026) -> 2.6743387 | L1026: =M1026*(1+$BR1026) -> 2.7354489 | M1026: =N1026*(1+$BR1026) -> 2.7979555 | N1026: =O1026*(1+$BR1026) -> 2.8618905 | O1026: =P1026*(1+$BR1026) -> 2.9272864 | ... Y1026: =Z1026*(1+$BR1026) -> 3.6693342 | Z1026: =AA1026*(1+$BQ1026) -> 3.7531807 | AA1026: =AB1026*(1+$BQ1026) -> 3.8401989 | AB1026: =AC1026*(1+$BQ1026) -> 3.9292347 | AC1026: =AD1026*(1+$BQ1026) -> 4.0203349 | AD1026: =AE1026*(1+$BQ1026) -> 4.1135472 | AE1026: =AF1026*(1+$BQ1026) -> 4.2089206 | AF1026: =AG1026*(1+$BQ1026) -> 4.3065053 | AG1026: =AH1026*(1+$BQ1026) -> 4.4063525 | ... AI1026: =AJ1026*(1+$BQ1026) -> 4.6130456 | AJ1026: 4.72 | AK1026: 4.95 | AL1026: 4.96 | AM1026: 5.1 | AN1026: 5.19 | AO1026: 5.35 | AP1026: 5.52 | AQ1026: 5.62 | AR1026: 5.71 | AS1026: 5.87 | AT1026: 6.02 | AU1026: 6.02 | AV1026: 6.25 | AW1026: 6.15 | AX1026: 6.29 | AY1026: 6.43 | AZ1026: 6.63 | BA1026: 6.54 | BB1026: 6.87 | BC1026: 7.13 | BD1026: 7.39 | BE1026: 7.68 | BF1026: 7.86 | BG1026: 8.24 | BH1026: 8.47 | BI1026: 8.77 | BJ1026: 8.89 | BK1026: 9.01 | BL1026: 9.26 | BM1026: 9.35 | BN1026: 9.38 | BO1026: 9.45 | BP1026: 9.55 | BQ1026: =((AV1026/BF1026)^(1/(2010-2000)))-1 -> -0.022659835 | BR1026: =((AM1026/AV1026)^(1/(2019-2010)))-1 -> -0.022340116
... A1043: CZE | B1043: Czech Republic | C1043: =VLOOKUP(historical_emissions[[#This Row],[Country]],'Liste-Pays'!A:B,2,0) -> EEU | D1043: Climate Watch | E1043: Total including LUCF | F1043: N2O | G1043: MtCO₂e | H1043: =I1043*(1+$BR1043) -> 4.296449 | I1043: =J1043*(1+$BR1043) -> 4.261053 | J1043: =K1043*(1+$BR1043) -> 4.2259487 | K1043: =L1043*(1+$BR1043) -> 4.1911335 | L1043: =M1043*(1+$BR1043) -> 4.1566051 | M1043: =N1043*(1+$BR1043) -> 4.1223612 | N1043: =O1043*(1+$BR1043) -> 4.0883994 | O1043: =P1043*(1+$BR1043) -> 4.0547174 | ... Y1043: =Z1043*(1+$BR1043) -> 3.7327882 | Z1043: =AA1043*(1+$BQ1043) -> 3.7020359 | AA1043: =AB1043*(1+$BQ1043) -> 3.7733263 | AB1043: =AC1043*(1+$BQ1043) -> 3.8459896 | AC1043: =AD1043*(1+$BQ1043) -> 3.9200522 | AD1043: =AE1043*(1+$BQ1043) -> 3.9955409 | AE1043: =AF1043*(1+$BQ1043) -> 4.0724834 | AF1043: =AG1043*(1+$BQ1043) -> 4.1509075 | AG1043: =AH1043*(1+$BQ1043) -> 4.2308419 | ... AI1043: =AJ1043*(1+$BQ1043) -> 4.3953582 | AJ1043: 4.48 | AK1043: 4.38 | AL1043: 4.16 | AM1043: 4.46 | AN1043: 4.56 | AO1043: 4.7 | AP1043: 5.04 | AQ1043: 5.03 | AR1043: 4.63 | AS1043: 4.51 | AT1043: 4.66 | AU1043: 4.28 | AV1043: 4.14 | AW1043: 4.25 | AX1043: 4.44 | AY1043: 4.53 | AZ1043: 4.51 | BA1043: 4.62 | BB1043: 4.7 | BC1043: 4.51 | BD1043: 4.42 | BE1043: 5.31 | BF1043: 5.01 | BG1043: 4.65 | BH1043: 4.89 | BI1043: 4.97 | BJ1043: 5.2 | BK1043: 4.99 | BL1043: 5.0 | BM1043: 4.86 | BN1043: 5.37 | BO1043: 5.52 | BP1043: 7.23 | BQ1043: =((AV1043/BF1043)^(1/(2010-2000)))-1 -> -0.018893255 | BR1043: =((AM1043/AV1043)^(1/(2019-2010)))-1 -> 0.0083068653
A1044: KGZ | B1044: Kyrgyzstan | C1044: =VLOOKUP(historical_emissions[[#This Row],[Country]],'Liste-Pays'!A:B,2,0) -> FSU | D1044: Climate Watch | E1044: Building | F1044: CO2 | G1044: MtCO₂e | H1044: =I1044*(1+$BR1044) -> 20082.347 | I1044: =J1044*(1+$BR1044) -> 13905.351 | J1044: =K1044*(1+$BR1044) -> 9628.2961 | K1044: =L1044*(1+$BR1044) -> 6666.7923 | L1044: =M1044*(1+$BR1044) -> 4616.1979 | M1044: =N1044*(1+$BR1044) -> 3196.3322 | N1044: =O1044*(1+$BR1044) -> 2213.1935 | O1044: =P1044*(1+$BR1044) -> 1532.452 | ... Y1044: =Z1044*(1+$BR1044) -> 38.820558 | Z1044: =AA1044*(1+$BQ1044) -> 26.88 | AA1044: =AB1044*(1+$BQ1044) -> 22.470573 | AB1044: =AC1044*(1+$BQ1044) -> 18.784473 | AC1044: =AD1044*(1+$BQ1044) -> 15.703046 | AD1044: =AE1044*(1+$BQ1044) -> 13.127099 | AE1044: =AF1044*(1+$BQ1044) -> 10.973714 | AF1044: =AG1044*(1+$BQ1044) -> 9.1735728 | AG1044: =AH1044*(1+$BQ1044) -> 7.668729 | ... AI1044: =AJ1044*(1+$BQ1044) -> 5.3591158 | AJ1044: 4.48 | AK1044: 4.2 | AL1044: 4.05 | AM1044: 4.92 | AN1044: 6.11 | AO1044: 4.57 | AP1044: 2.75 | AQ1044: 1.8 | AR1044: 1.51 | AS1044: 0.47 | AT1044: 0.27 | AU1044: 0.24 | AV1044: 0.18 | AW1044: 0.22 | AX1044: 0.24 | AY1044: 0.26 | AZ1044: 0.24 | BA1044: 0.25 | BB1044: 0.03 | BC1044: 0.02 | BD1044: 0.02 | BE1044: 0.02 | BF1044: 0.03 | BG1044: N/A | BH1044: N/A | BI1044: N/A | BJ1044: N/A | BK1044: N/A | BL1044: N/A | BM1044: N/A | BN1044: N/A | BO1044: N/A | BQ1044: =((AV1044/BF1044)^(1/(2010-2000)))-1 -> 0.1962312 | BR1044: =((AM1044/AV1044)^(1/(2019-2010)))-1 -> 0.44421719
A1045: CHE | B1045: Switzerland | C1045: =VLOOKUP(historical_emissions[[#This Row],[Country]],'Liste-Pays'!A:B,2,0) -> WEU | D1045: Climate Watch | E1045: Manufacturing/Construction | F1045: CO2 | G1045: MtCO₂e | H1045: =I1045*(1+$BR1045) -> 3.1476188 | I1045: =J1045*(1+$BR1045) -> 3.2058538 | J1045: =K1045*(1+$BR1045) -> 3.2651663 | K1045: =L1045*(1+$BR1045) -> 3.3255761 | L1045: =M1045*(1+$BR1045) -> 3.3871036 | M1045: =N1045*(1+$BR1045) -> 3.4497694 | N1045: =O1045*(1+$BR1045) -> 3.5135946 | O1045: =P1045*(1+$BR1045) -> 3.5786007 | ... Y1045: =Z1045*(1+$BR1045) -> 4.2986206 | Z1045: =AA1045*(1+$BQ1045) -> 4.3781507 | AA1045: =AB1045*(1+$BQ1045) -> 4.38725 | AB1045: =AC1045*(1+$BQ1045) -> 4.3963683 | AC1045: =AD1045*(1+$BQ1045) -> 4.4055055 | AD1045: =AE1045*(1+$BQ1045) -> 4.4146617 | AE1045: =AF1045*(1+$BQ1045) -> 4.423837 | AF1045: =AG1045*(1+$BQ1045) -> 4.4330313 | AG1045: =AH1045*(1+$BQ1045) -> 4.4422447 | ... AI1045: =AJ1045*(1+$BQ1045) -> 4.460729 | AJ1045: 4.47 | AK1045: 4.87 | AL1045: 4.71 | AM1045: 4.85 | AN1045: 4.96 | AO1045: 5.13 | AP1045: 5.22 | AQ1045: 5.13 | AR1045: 5.35 | AS1045: 5.49 | AT1045: 5.42 | AU1045: 5.36 | AV1045: 5.72 | AW1045: 5.47 | AX1045: 6.01 | AY1045: 5.99 | AZ1045: 6.11 | BA1045: 5.78 | BB1045: 5.82 | BC1045: 5.84 | BD1045: 5.57 | BE1045: 6.15 | BF1045: 5.84 | BG1045: 6.45 | BH1045: 6.04 | BI1045: 6.01 | BJ1045: 6.4 | BK1045: 6.59 | BL1045: 6.28 | BM1045: 6.6 | BN1045: 6.76 | BO1045: 7.09 | BP1045: 6.67 | BQ1045: =((AV1045/BF1045)^(1/(2010-2000)))-1 -> -0.0020740453 | BR1045: =((AM1045/AV1045)^(1/(2019-2010)))-1 -> -0.01816522
A1046: COL | B1046: Colombia | C1046: =VLOOKUP(historical_emissions[[#This Row],[Country]],'Liste-Pays'!A:B,2,0) -> CSA | D1046: Climate Watch | E1046: Industrial Processes | F1046: F-Gas | G1046: MtCO₂e | H1046: =I1046*(1+$BR1046) -> 52.285807 | I1046: =J1046*(1+$BR1046) -> 50.139212 | J1046: =K1046*(1+$BR1046) -> 48.080746 | K1046: =L1046*(1+$BR1046) -> 46.10679 | L1046: =M1046*(1+$BR1046) -> 44.213874 | M1046: =N1046*(1+$BR1046) -> 42.398673 | N1046: =O1046*(1+$BR1046) -> 40.657994 | O1046: =P1046*(1+$BR1046) -> 38.988779 | ... Y1046: =Z1046*(1+$BR1046) -> 25.63755 | Z1046: =AA1046*(1+$BQ1046) -> 24.585 | AA1046: =AB1046*(1+$BQ1046) -> 20.731654 | AB1046: =AC1046*(1+$BQ1046) -> 17.482264 | AC1046: =AD1046*(1+$BQ1046) -> 14.74217 | AD1046: =AE1046*(1+$BQ1046) -> 12.431546 | AE1046: =AF1046*(1+$BQ1046) -> 10.483079 | AF1046: =AG1046*(1+$BQ1046) -> 8.8400068 | AG1046: =AH1046*(1+$BQ1046) -> 7.4544624 | ... AI1046: =AJ1046*(1+$BQ1046) -> 5.300829 | AJ1046: 4.47 | AK1046: 4.24 | AL1046: 4.01 | AM1046: 3.85 | AN1046: 3.69 | AO1046: 3.53 | AP1046: 3.37 | AQ1046: 3.21 | AR1046: 3.09 | AS1046: 2.98 | AT1046: 2.87 | AU1046: 2.76 | AV1046: 2.64 | AW1046: 2.39 | AX1046: 2.14 | AY1046: 1.89 | AZ1046: 1.64 | BA1046: 1.39 | BB1046: 1.21 | BC1046: 1.03 | BD1046: 0.85 | BE1046: 0.67 | BF1046: 0.48 | BG1046: 0.47 | BH1046: 0.46 | BI1046: 0.45 | BJ1046: 0.44 | BK1046: 0.43 | BL1046: 0.42 | BM1046: 0.41 | BN1046: 0.4 | BO1046: 0.38 | BP1046: 0.37 | BQ1046: =((AV1046/BF1046)^(1/(2010-2000)))-1 -> 0.18586778 | BR1046: =((AM1046/AV1046)^(1/(2019-2010)))-1 -> 0.042812699
A1047: COL | B1047: Colombia | C1047: =VLOOKUP(historical_emissions[[#This Row],[Country]],'Liste-Pays'!A:B,2,0) -> CSA | D1047: Climate Watch | E1047: Total including LUCF | F1047: F-Gas | G1047: MtCO₂e | H1047: =I1047*(1+$BR1047) -> 52.285807 | I1047: =J1047*(1+$BR1047) -> 50.139212 | J1047: =K1047*(1+$BR1047) -> 48.080746 | K1047: =L1047*(1+$BR1047) -> 46.10679 | L1047: =M1047*(1+$BR1047) -> 44.213874 | M1047: =N1047*(1+$BR1047) -> 42.398673 | N1047: =O1047*(1+$BR1047) -> 40.657994 | O1047: =P1047*(1+$BR1047) -> 38.988779 | ... Y1047: =Z1047*(1+$BR1047) -> 25.63755 | Z1047: =AA1047*(1+$BQ1047) -> 24.585 | AA1047: =AB1047*(1+$BQ1047) -> 20.731654 | AB1047: =AC1047*(1+$BQ1047) -> 17.482264 | AC1047: =AD1047*(1+$BQ1047) -> 14.74217 | AD1047: =AE1047*(1+$BQ1047) -> 12.431546 | AE1047: =AF1047*(1+$BQ1047) -> 10.483079 | AF1047: =AG1047*(1+$BQ1047) -> 8.8400068 | AG1047: =AH1047*(1+$BQ1047) -> 7.4544624 | ... AI1047: =AJ1047*(1+$BQ1047) -> 5.300829 | AJ1047: 4.47 | AK1047: 4.24 | AL1047: 4.01 | AM1047: 3.85 | AN1047: 3.69 | AO1047: 3.53 | AP1047: 3.37 | AQ1047: 3.21 | AR1047: 3.09 | AS1047: 2.98 | AT1047: 2.87 | AU1047: 2.76 | AV1047: 2.64 | AW1047: 2.39 | AX1047: 2.14 | AY1047: 1.89 | AZ1047: 1.64 | BA1047: 1.39 | BB1047: 1.21 | BC1047: 1.03 | BD1047: 0.85 | BE1047: 0.67 | BF1047: 0.48 | BG1047: 0.47 | BH1047: 0.46 | BI1047: 0.45 | BJ1047: 0.44 | BK1047: 0.43 | BL1047: 0.42 | BM1047: 0.41 | BN1047: 0.4 | BO1047: 0.38 | BP1047: 0.37 | BQ1047: =((AV1047/BF1047)^(1/(2010-2000)))-1 -> 0.18586778 | BR1047: =((AM1047/AV1047)^(1/(2019-2010)))-1 -> 0.042812699
A1048: GIN | B1048: Guinea | C1048: =VLOOKUP(historical_emissions[[#This Row],[Country]],'Liste-Pays'!A:B,2,0) -> AFR | D1048: Climate Watch | E1048: Energy | F1048: CO2 | G1048: MtCO₂e | H1048: =I1048*(1+$BR1048) -> 19.048405 | I1048: =J1048*(1+$BR1048) -> 18.082179 | J1048: =K1048*(1+$BR1048) -> 17.164965 | K1048: =L1048*(1+$BR1048) -> 16.294276 | L1048: =M1048*(1+$BR1048) -> 15.467753 | M1048: =N1048*(1+$BR1048) -> 14.683155 | N1048: =O1048*(1+$BR1048) -> 13.938355 | O1048: =P1048*(1+$BR1048) -> 13.231335 | ... Y1048: =Z1048*(1+$BR1048) -> 7.8618576 | Z1048: =AA1048*(1+$BQ1048) -> 7.4630667 | AA1048: =AB1048*(1+$BQ1048) -> 7.0885772 | AB1048: =AC1048*(1+$BQ1048) -> 6.7328793 | AC1048: =AD1048*(1+$BQ1048) -> 6.3950299 | AD1048: =AE1048*(1+$BQ1048) -> 6.0741335 | AE1048: =AF1048*(1+$BQ1048) -> 5.7693394 | AF1048: =AG1048*(1+$BQ1048) -> 5.4798396 | AG1048: =AH1048*(1+$BQ1048) -> 5.2048665 | ... AI1048: =AJ1048*(1+$BQ1048) -> 4.6956217 | AJ1048: 4.46 | AK1048: 4.23 | AL1048: 4.59 | AM1048: 4.01 | AN1048: 3.23 | AO1048: 3.32 | AP1048: 2.81 | AQ1048: 2.52 | AR1048: 2.22 | AS1048: 2.16 | AT1048: 2.47 | AU1048: 2.62 | AV1048: 2.51 | AW1048: 2.13 | AX1048: 2.02 | AY1048: 1.98 | AZ1048: 1.91 | BA1048: 1.84 | BB1048: 1.78 | BC1048: 1.71 | BD1048: 1.63 | BE1048: 1.57 | BF1048: 1.5 | BG1048: 1.44 | BH1048: 1.37 | BI1048: 1.29 | BJ1048: 1.23 | BK1048: 1.16 | BL1048: 1.12 | BM1048: 1.09 | BN1048: 1.06 | BO1048: 1.03 | BP1048: 1 | BQ1048: =((AV1048/BF1048)^(1/(2010-2000)))-1 -> 0.052829987 | BR1048: =((AM1048/AV1048)^(1/(2019-2010)))-1 -> 0.053435259
A1049: KAZ | B1049: Kazakhstan | C1049: =VLOOKUP(historical_emissions[[#This Row],[Country]],'Liste-Pays'!A:B,2,0) -> FSU | D1049: Climate Watch | E1049: Industrial Processes | F1049: CO2 | G1049: MtCO₂e | H1049: =I1049*(1+$BR1049) -> #DIV/0! | I1049: =J1049*(1+$BR1049) -> #DIV/0! | J1049: =K1049*(1+$BR1049) -> #DIV/0! | K1049: =L1049*(1+$BR1049) -> #DIV/0! | L1049: =M1049*(1+$BR1049) -> #DIV/0! | M1049: =N1049*(1+$BR1049) -> #DIV/0! | N1049: =O1049*(1+$BR1049) -> #DIV/0! | O1049: =P1049*(1+$BR1049) -> #DIV/0! | ... Y1049: =Z1049*(1+$BR1049) -> #DIV/0! | Z1049: =AA1049*(1+$BQ1049) -> #DIV/0! | AA1049: =AB1049*(1+$BQ1049) -> #DIV/0! | AB1049: =AC1049*(1+$BQ1049) -> #DIV/0! | AC1049: =AD1049*(1+$BQ1049) -> #DIV/0! | AD1049: =AE1049*(1+$BQ1049) -> #DIV/0! | AE1049: =AF1049*(1+$BQ1049) -> #DIV/0! | AF1049: =AG1049*(1+$BQ1049) -> #DIV/0! | AG1049: =AH1049*(1+$BQ1049) -> #DIV/0! | ... AI1049: =AJ1049*(1+$BQ1049) -> #DIV/0! | AJ1049: 4.46 | AK1049: 3.84 | AL1049: 4.45 | AM1049: 3.8 | AN1049: 3.89 | AO1049: 3.82 | AP1049: 3.53 | AQ1049: 3.46 | AR1049: 3.24 | AS1049: 3.03 | AT1049: 2.32 | AU1049: 1.07 | AV1049: 1.03 | AW1049: 0.93 | AX1049: 0.98 | AY1049: 0.6 | AZ1049: 0.48 | BA1049: 0.36 | BB1049: 0.35 | BC1049: 0.0 | BD1049: 0.03 | BE1049: 0.16 | BF1049: 0 | BG1049: 0.01 | BH1049: 0.01 | BI1049: 0.05 | BJ1049: 0.02 | BK1049: 0.1 | BL1049: 0.17 | BM1049: 0.35 | BN1049: 0.7 | BO1049: N/A | BQ1049: =((AV1049/BF1049)^(1/(2010-2000)))-1 -> #DIV/0! | BR1049: =((AM1049/AV1049)^(1/(2019-2010)))-1 -> 0.15609638
A1050: MWI | B1050: Malawi | C1050: =VLOOKUP(historical_emissions[[#This Row],[Country]],'Liste-Pays'!A:B,2,0) -> AFR | D1050: Climate Watch | E1050: Agriculture | F1050: N2O | G1050: MtCO₂e | H1050: =I1050*(1+$BR1050) -> 30.710306 | I1050: =J1050*(1+$BR1050) -> 28.599372 | J1050: =K1050*(1+$BR1050) -> 26.633537 | K1050: =L1050*(1+$BR1050) -> 24.802828 | L1050: =M1050*(1+$BR1050) -> 23.097956 | M1050: =N1050*(1+$BR1050) -> 21.510272 | N1050: =O1050*(1+$BR1050) -> 20.03172 | O1050: =P1050*(1+$BR1050) -> 18.6548 | ... Y1050: =Z1050*(1+$BR1050) -> 9.1519596 | Z1050: =AA1050*(1+$BQ1050) -> 8.5228814 | AA1050: =AB1050*(1+$BQ1050) -> 7.9866343 | AB1050: =AC1050*(1+$BQ1050) -> 7.4841271 | AC1050: =AD1050*(1+$BQ1050) -> 7.013237 | AD1050: =AE1050*(1+$BQ1050) -> 6.5719745 | AE1050: =AF1050*(1+$BQ1050) -> 6.1584756 | AF1050: =AG1050*(1+$BQ1050) -> 5.7709935 | AG1050: =AH1050*(1+$BQ1050) -> 5.4078911 | ... AI1050: =AJ1050*(1+$BQ1050) -> 4.7487866 | AJ1050: 4.45 | AK1050: 4.42 | AL1050: 4.57 | AM1050: 4.29 | AN1050: 3.76 | AO1050: 3.06 | AP1050: 2.76 | AQ1050: 2.88 | AR1050: 2.78 | AS1050: 2.42 | AT1050: 2.32 | AU1050: 2.3 | AV1050: 2.26 | AW1050: 1.91 | AX1050: 1.95 | AY1050: 1.75 | AZ1050: 1.58 | BA1050: 1.41 | BB1050: 1.39 | BC1050: 1.37 | BD1050: 1.28 | BE1050: 1.03 | BF1050: 1.18 | BG1050: 1.1 | BH1050: 1.13 | BI1050: 1.08 | BJ1050: 1.06 | BK1050: 0.97 | BL1050: 0.81 | BM1050: 1.1 | BN1050: 1.08 | BO1050: 1.07 | BP1050: 0.97 | BQ1050: =((AV1050/BF1050)^(1/(2010-2000)))-1 -> 0.067143057 | BR1050: =((AM1050/AV1050)^(1/(2019-2010)))-1 -> 0.07381051
A1051: TTO | B1051: Trinidad and Tobago | C1051: =VLOOKUP(historical_emissions[[#This Row],[Country]],'Liste-Pays'!A:B,2,0) -> CSA | D1051: Climate Watch | E1051: Energy | F1051: CH4 | G1051: MtCO₂e | H1051: =I1051*(1+$BR1051) -> 5.0779383 | I1051: =J1051*(1+$BR1051) -> 5.2136386 | J1051: =K1051*(1+$BR1051) -> 5.3529653 | K1051: =L1051*(1+$BR1051) -> 5.4960153 | L1051: =M1051*(1+$BR1051) -> 5.6428881 | M1051: =N1051*(1+$BR1051) -> 5.7936858 | N1051: =O1051*(1+$BR1051) -> 5.9485134 | O1051: =P1051*(1+$BR1051) -> 6.1074786 | ... Y1051: =Z1051*(1+$BR1051) -> 7.9505468 | Z1051: =AA1051*(1+$BQ1051) -> 8.1630133 | AA1051: =AB1051*(1+$BQ1051) -> 7.6790205 | AB1051: =AC1051*(1+$BQ1051) -> 7.2237241 | AC1051: =AD1051*(1+$BQ1051) -> 6.7954226 | AD1051: =AE1051*(1+$BQ1051) -> 6.3925156 | AE1051: =AF1051*(1+$BQ1051) -> 6.0134972 | AF1051: =AG1051*(1+$BQ1051) -> 5.6569513 | AG1051: =AH1051*(1+$BQ1051) -> 5.3215453 | ... AI1051: =AJ1051*(1+$BQ1051) -> 4.7092138 | AJ1051: 4.43 | AK1051: 4.3 | AL1051: 4.75 | AM1051: 5.45 | AN1051: 5.47 | AO1051: 5.43 | AP1051: 5.41 | AQ1051: 6.22 | AR1051: 6.69 | AS1051: 6.85 | AT1051: 6.89 | AU1051: 6.88 | AV1051: 6.91 | AW1051: 6.89 | AX1051: 7.0 | AY1051: 7.03 | AZ1051: 7.09 | BA1051: 6.27 | BB1051: 5.65 | BC1051: 5.44 | BD1051: 4.47 | BE1051: 3.95 | BF1051: 3.75 | BG1051: 3.35 | BH1051: 2.99 | BI1051: 3.0 | BJ1051: 3.21 | BK1051: 2.8 | BL1051: 3.13 | BM1051: 5.29 | BN1051: 7.85 | BO1051: 8.15 | BP1051: 8.19 | BQ1051: =((AV1051/BF1051)^(1/(2010-2000)))-1 -> 0.063027936 | BR1051: =((AM1051/AV1051)^(1/(2019-2010)))-1 -> -0.026027948
A1052: ESP | B1052: Spain | C1052: =VLOOKUP(historical_emissions[[#This Row],[Country]],'Liste-Pays'!A:B,2,0) -> WEU | D1052: Climate Watch | E1052: Industrial Processes | F1052: F-Gas | G1052: MtCO₂e | H1052: =I1052*(1+$BR1052) -> 0.34246478 | I1052: =J1052*(1+$BR1052) -> 0.39245751 | J1052: =K1052*(1+$BR1052) -> 0.44974813 | K1052: =L1052*(1+$BR1052) -> 0.51540199 | L1052: =M1052*(1+$BR1052) -> 0.59063994 | M1052: =N1052*(1+$BR1052) -> 0.67686107 | N1052: =O1052*(1+$BR1052) -> 0.77566869 | O1052: =P1052*(1+$BR1052) -> 0.88890017 | ... Y1052: =Z1052*(1+$BR1052) -> 3.472324 | Z1052: =AA1052*(1+$BQ1052) -> 3.979211 | AA1052: =AB1052*(1+$BQ1052) -> 4.0212354 | AB1052: =AC1052*(1+$BQ1052) -> 4.0637036 | AC1052: =AD1052*(1+$BQ1052) -> 4.1066204 | AD1052: =AE1052*(1+$BQ1052) -> 4.1499903 | AE1052: =AF1052*(1+$BQ1052) -> 4.1938184 | AF1052: =AG1052*(1+$BQ1052) -> 4.2381092 | AG1052: =AH1052*(1+$BQ1052) -> 4.2828679 | ... AI1052: =AJ1052*(1+$BQ1052) -> 4.3738082 | AJ1052: 4.42 | AK1052: 4.21 | AL1052: 4 | AM1052: 4.82 | AN1052: 5.03 | AO1052: 6.74 | AP1052: 8.6 | AQ1052: 8.85 | AR1052: 15.22 | AS1052: 15.32 | AT1052: 15.41 | AU1052: 15.47 | AV1052: 16.43 | AW1052: 15.86 | AX1052: 17.37 | AY1052: 16.52 | AZ1052: 14.65 | BA1052: 11.98 | BB1052: 10.84 | BC1052: 11.53 | BD1052: 8.98 | BE1052: 11.89 | BF1052: 18.25 | BG1052: 16.52 | BH1052: 13.97 | BI1052: 14.39 | BJ1052: 12.3 | BK1052: 10.99 | BL1052: 8.45 | BM1052: 5.93 | BN1052: 6.95 | BO1052: 5.77 | BP1052: 6.31 | BQ1052: =((AV1052/BF1052)^(1/(2010-2000)))-1 -> -0.010450624 | BR1052: =((AM1052/AV1052)^(1/(2019-2010)))-1 -> -0.12738379
A1053: ESP | B1053: Spain | C1053: =VLOOKUP(historical_emissions[[#This Row],[Country]],'Liste-Pays'!A:B,2,0) -> WEU | D1053: Climate Watch | E1053: Total including LUCF | F1053: F-Gas | G1053: MtCO₂e | H1053: =I1053*(1+$BR1053) -> 0.34246478 | I1053: =J1053*(1+$BR1053) -> 0.39245751 | J1053: =K1053*(1+$BR1053) -> 0.44974813 | K1053: =L1053*(1+$BR1053) -> 0.51540199 | L1053: =M1053*(1+$BR1053) -> 0.59063994 | M1053: =N1053*(1+$BR1053) -> 0.67686107 | N1053: =O1053*(1+$BR1053) -> 0.77566869 | O1053: =P1053*(1+$BR1053) -> 0.88890017 | ... Y1053: =Z1053*(1+$BR1053) -> 3.472324 | Z1053: =AA1053*(1+$BQ1053) -> 3.979211 | AA1053: =AB1053*(1+$BQ1053) -> 4.0212354 | AB1053: =AC1053*(1+$BQ1053) -> 4.0637036 | AC1053: =AD1053*(1+$BQ1053) -> 4.1066204 | AD1053: =AE1053*(1+$BQ1053) -> 4.1499903 | AE1053: =AF1053*(1+$BQ1053) -> 4.1938184 | AF1053: =AG1053*(1+$BQ1053) -> 4.2381092 | AG1053: =AH1053*(1+$BQ1053) -> 4.2828679 | ... AI1053: =AJ1053*(1+$BQ1053) -> 4.3738082 | AJ1053: 4.42 | AK1053: 4.21 | AL1053: 4 | AM1053: 4.82 | AN1053: 5.03 | AO1053: 6.74 | AP1053: 8.6 | AQ1053: 8.85 | AR1053: 15.22 | AS1053: 15.32 | AT1053: 15.41 | AU1053: 15.47 | AV1053: 16.43 | AW1053: 15.86 | AX1053: 17.37 | AY1053: 16.52 | AZ1053: 14.65 | BA1053: 11.98 | BB1053: 10.84 | BC1053: 11.53 | BD1053: 8.98 | BE1053: 11.89 | BF1053: 18.25 | BG1053: 16.52 | BH1053: 13.97 | BI1053: 14.39 | BJ1053: 12.3 | BK1053: 10.99 | BL1053: 8.45 | BM1053: 5.93 | BN1053: 6.95 | BO1053: 5.77 | BP1053: 6.31 | BQ1053: =((AV1053/BF1053)^(1/(2010-2000)))-1 -> -0.010450624 | BR1053: =((AM1053/AV1053)^(1/(2019-2010)))-1 -> -0.12738379
A1054: KGZ | B1054: Kyrgyzstan | C1054: =VLOOKUP(historical_emissions[[#This Row],[Country]],'Liste-Pays'!A:B,2,0) -> FSU | D1054: Climate Watch | E1054: Agriculture | F1054: CH4 | G1054: MtCO₂e | H1054: =I1054*(1+$BR1054) -> 9.4459358 | I1054: =J1054*(1+$BR1054) -> 9.1955203 | J1054: =K1054*(1+$BR1054) -> 8.9517434 | K1054: =L1054*(1+$BR1054) -> 8.7144292 | L1054: =M1054*(1+$BR1054) -> 8.4834063 | M1054: =N1054*(1+$BR1054) -> 8.2585078 | N1054: =O1054*(1+$BR1054) -> 8.0395715 | O1054: =P1054*(1+$BR1054) -> 7.8264393 | ... Y1054: =Z1054*(1+$BR1054) -> 5.9824271 | Z1054: =AA1054*(1+$BQ1054) -> 5.8238306 | AA1054: =AB1054*(1+$BQ1054) -> 5.6615366 | AB1054: =AC1054*(1+$BQ1054) -> 5.5037652 | AC1054: =AD1054*(1+$BQ1054) -> 5.3503904 | AD1054: =AE1054*(1+$BQ1054) -> 5.2012898 | AE1054: =AF1054*(1+$BQ1054) -> 5.0563442 | AF1054: =AG1054*(1+$BQ1054) -> 4.9154378 | AG1054: =AH1054*(1+$BQ1054) -> 4.7784581 | ... AI1054: =AJ1054*(1+$BQ1054) -> 4.5158441 | AJ1054: 4.39 | AK1054: 4.35 | AL1054: 4.29 | AM1054: 4.19 | AN1054: 4.08 | AO1054: 3.97 | AP1054: 3.87 | AQ1054: 3.78 | AR1054: 3.72 | AS1054: 3.59 | AT1054: 3.47 | AU1054: 3.39 | AV1054: 3.29 | AW1054: 3.21 | AX1054: 2.95 | AY1054: 2.83 | AZ1054: 2.73 | BA1054: 2.64 | BB1054: 2.57 | BC1054: 2.58 | BD1054: 2.56 | BE1054: 2.51 | BF1054: 2.48 | BG1054: 2.43 | BH1054: 2.37 | BI1054: 2.3 | BJ1054: 2.39 | BK1054: 2.58 | BL1054: 3.12 | BM1054: 3.4 | BN1054: 3.62 | BO1054: 3.79 | BP1054: 3.87 | BQ1054: =((AV1054/BF1054)^(1/(2010-2000)))-1 -> 0.028666086 | BR1054: =((AM1054/AV1054)^(1/(2019-2010)))-1 -> 0.027232333
A1055: NAM | B1055: Namibia | C1055: =VLOOKUP(historical_emissions[[#This Row],[Country]],'Liste-Pays'!A:B,2,0) -> AFR-EXCLUDED | D1055: Climate Watch | E1055: Agriculture | F1055: CH4 | G1055: MtCO₂e | H1055: =I1055*(1+$BR1055) -> 1.9164743 | I1055: =J1055*(1+$BR1055) -> 2.0147154 | J1055: =K1055*(1+$BR1055) -> 2.1179925 | K1055: =L1055*(1+$BR1055) -> 2.2265637 | L1055: =M1055*(1+$BR1055) -> 2.3407005 | M1055: =N1055*(1+$BR1055) -> 2.460688 | N1055: =O1055*(1+$BR1055) -> 2.5868263 | O1055: =P1055*(1+$BR1055) -> 2.7194306 | ... Y1055: =Z1055*(1+$BR1055) -> 4.483169 | Z1055: =AA1055*(1+$BQ1055) -> 4.7129825 | AA1055: =AB1055*(1+$BQ1055) -> 4.6785756 | AB1055: =AC1055*(1+$BQ1055) -> 4.6444199 | AC1055: =AD1055*(1+$BQ1055) -> 4.6105136 | AD1055: =AE1055*(1+$BQ1055) -> 4.5768548 | AE1055: =AF1055*(1+$BQ1055) -> 4.5434418 | AF1055: =AG1055*(1+$BQ1055) -> 4.5102726 | AG1055: =AH1055*(1+$BQ1055) -> 4.4773457 | ... AI1055: =AJ1055*(1+$BQ1055) -> 4.4122111 | AJ1055: 4.38 | AK1055: 5.57 | AL1055: 5.05 | AM1055: 3.52 | AN1055: 4.09 | AO1055: 4.66 | AP1055: 4.69 | AQ1055: 4.34 | AR1055: 4.46 | AS1055: 4.91 | AT1055: 9.03 | AU1055: 8.21 | AV1055: 5.52 | AW1055: 5.96 | AX1055: 4.39 | AY1055: 5.36 | AZ1055: 5.81 | BA1055: 5.26 | BB1055: 4.73 | BC1055: 4.54 | BD1055: 4.28 | BE1055: 4.76 | BF1055: 5.13 | BG1055: 4.65 | BH1055: 4.61 | BI1055: 4.26 | BJ1055: 4.37 | BK1055: 4.51 | BL1055: 4.54 | BM1055: 4.57 | BN1055: 4.74 | BO1055: 4.84 | BP1055: 4.71 | BQ1055: =((AV1055/BF1055)^(1/(2010-2000)))-1 -> 0.0073541299 | BR1055: =((AM1055/AV1055)^(1/(2019-2010)))-1 -> -0.048761789
A1056: BHR | B1056: Bahrain | C1056: =VLOOKUP(historical_emissions[[#This Row],[Country]],'Liste-Pays'!A:B,2,0) -> MEA | D1056: Climate Watch | E1056: Energy | F1056: CH4 | G1056: MtCO₂e | H1056: =I1056*(1+$BR1056) -> 8.2516098 | I1056: =J1056*(1+$BR1056) -> 8.0431563 | J1056: =K1056*(1+$BR1056) -> 7.8399687 | K1056: =L1056*(1+$BR1056) -> 7.6419142 | L1056: =M1056*(1+$BR1056) -> 7.4488629 | M1056: =N1056*(1+$BR1056) -> 7.2606885 | N1056: =O1056*(1+$BR1056) -> 7.0772678 | O1056: =P1056*(1+$BR1056) -> 6.8984807 | ... Y1056: =Z1056*(1+$BR1056) -> 5.3411123 | Z1056: =AA1056*(1+$BQ1056) -> 5.2061842 | AA1056: =AB1056*(1+$BQ1056) -> 5.1146536 | AB1056: =AC1056*(1+$BQ1056) -> 5.0247322 | AC1056: =AD1056*(1+$BQ1056) -> 4.9363918 | AD1056: =AE1056*(1+$BQ1056) -> 4.8496044 | AE1056: =AF1056*(1+$BQ1056) -> 4.7643429 | AF1056: =AG1056*(1+$BQ1056) -> 4.6805804 | AG1056: =AH1056*(1+$BQ1056) -> 4.5982905 | ... AI1056: =AJ1056*(1+$BQ1056) -> 4.4380255 | AJ1056: 4.36 | AK1056: 4.38 | AL1056: 4.53 | AM1056: 4.57 | AN1056: 4.25 | AO1056: 4.35 | AP1056: 4.32 | AQ1056: 4.14 | AR1056: 4.18 | AS1056: 4.15 | AT1056: 3.54 | AU1056: 3.73 | AV1056: 3.63 | AW1056: 3.54 | AX1056: 3.54 | AY1056: 3.45 | AZ1056: 3.38 | BA1056: 3.32 | BB1056: 3.16 | BC1056: 3.16 | BD1056: 3.1 | BE1056: 3.04 | BF1056: 3.04 | BG1056: 2.97 | BH1056: 3.0 | BI1056: 2.93 | BJ1056: 2.81 | BK1056: 2.78 | BL1056: 2.75 | BM1056: 2.82 | BN1056: 2.75 | BO1056: 2.57 | BP1056: 2.59 | BQ1056: =((AV1056/BF1056)^(1/(2010-2000)))-1 -> 0.017895757 | BR1056: =((AM1056/AV1056)^(1/(2019-2010)))-1 -> 0.025916879
A1057: GRC | B1057: Greece | C1057: =VLOOKUP(historical_emissions[[#This Row],[Country]],'Liste-Pays'!A:B,2,0) -> WEU | D1057: Climate Watch | E1057: Manufacturing/Construction | F1057: CO2 | G1057: MtCO₂e | H1057: =I1057*(1+$BR1057) -> 1.3501619 | I1057: =J1057*(1+$BR1057) -> 1.4074101 | J1057: =K1057*(1+$BR1057) -> 1.4670856 | K1057: =L1057*(1+$BR1057) -> 1.5292914 | L1057: =M1057*(1+$BR1057) -> 1.5941348 | M1057: =N1057*(1+$BR1057) -> 1.6617276 | N1057: =O1057*(1+$BR1057) -> 1.7321864 | O1057: =P1057*(1+$BR1057) -> 1.8056327 | ... Y1057: =Z1057*(1+$BR1057) -> 2.7351261 | Z1057: =AA1057*(1+$BQ1057) -> 2.851098 | AA1057: =AB1057*(1+$BQ1057) -> 2.9748124 | AB1057: =AC1057*(1+$BQ1057) -> 3.103895 | AC1057: =AD1057*(1+$BQ1057) -> 3.2385787 | AD1057: =AE1057*(1+$BQ1057) -> 3.3791066 | AE1057: =AF1057*(1+$BQ1057) -> 3.5257322 | AF1057: =AG1057*(1+$BQ1057) -> 3.6787202 | AG1057: =AH1057*(1+$BQ1057) -> 3.8383466 | ... AI1057: =AJ1057*(1+$BQ1057) -> 4.1786794 | AJ1057: 4.36 | AK1057: 4.34 | AL1057: 4.19 | AM1057: 4.59 | AN1057: 5.08 | AO1057: 5.27 | AP1057: 6.48 | AQ1057: 6.3 | AR1057: 5.99 | AS1057: 5.63 | AT1057: 5.83 | AU1057: 5.77 | AV1057: 6.67 | AW1057: 6.45 | AX1057: 8.53 | AY1057: 10.21 | AZ1057: 9.03 | BA1057: 8.7 | BB1057: 8.79 | BC1057: 9.54 | BD1057: 9.89 | BE1057: 10.33 | BF1057: 10.2 | BG1057: 9.3 | BH1057: 10.39 | BI1057: 10.43 | BJ1057: 10.31 | BK1057: 9.63 | BL1057: 8.89 | BM1057: 8.97 | BN1057: 9.17 | BO1057: 9.53 | BP1057: 9.64 | BQ1057: =((AV1057/BF1057)^(1/(2010-2000)))-1 -> -0.041587286 | BR1057: =((AM1057/AV1057)^(1/(2019-2010)))-1 -> -0.040676229
A1058: GTM | B1058: Guatemala | C1058: =VLOOKUP(historical_emissions[[#This Row],[Country]],'Liste-Pays'!A:B,2,0) -> CSA | D1058: Climate Watch | E1058: Total including LUCF | F1058: N2O | G1058: MtCO₂e | H1058: =I1058*(1+$BR1058) -> 7.399026 | I1058: =J1058*(1+$BR1058) -> 7.2627866 | J1058: =K1058*(1+$BR1058) -> 7.1290558 | K1058: =L1058*(1+$BR1058) -> 6.9977874 | L1058: =M1058*(1+$BR1058) -> 6.868936 | M1058: =N1058*(1+$BR1058) -> 6.7424572 | N1058: =O1058*(1+$BR1058) -> 6.6183073 | O1058: =P1058*(1+$BR1058) -> 6.4964434 | ... Y1058: =Z1058*(1+$BR1058) -> 5.394646 | Z1058: =AA1058*(1+$BQ1058) -> 5.2953135 | AA1058: =AB1058*(1+$BQ1058) -> 5.1933927 | AB1058: =AC1058*(1+$BQ1058) -> 5.0934335 | AC1058: =AD1058*(1+$BQ1058) -> 4.9953983 | AD1058: =AE1058*(1+$BQ1058) -> 4.89925 | AE1058: =AF1058*(1+$BQ1058) -> 4.8049523 | AF1058: =AG1058*(1+$BQ1058) -> 4.7124696 | AG1058: =AH1058*(1+$BQ1058) -> 4.621767 | ... AI1058: =AJ1058*(1+$BQ1058) -> 4.4455654 | AJ1058: 4.36 | AK1058: 4.57 | AL1058: 4.74 | AM1058: 4.35 | AN1058: 4.34 | AO1058: 4.3 | AP1058: 4.25 | AQ1058: 4.17 | AR1058: 3.92 | AS1058: 4.07 | AT1058: 3.93 | AU1058: 3.87 | AV1058: 3.68 | AW1058: 3.69 | AX1058: 3.17 | AY1058: 3.57 | AZ1058: 3.3 | BA1058: 3.85 | BB1058: 3.09 | BC1058: 3.99 | BD1058: 2.83 | BE1058: 2.73 | BF1058: 3.03 | BG1058: 2.77 | BH1058: 3.01 | BI1058: 2.6 | BJ1058: 2.59 | BK1058: 2.59 | BL1058: 2.54 | BM1058: 2.54 | BN1058: 2.44 | BO1058: 2.33 | BP1058: 2.19 | BQ1058: =((AV1058/BF1058)^(1/(2010-2000)))-1 -> 0.019625103 | BR1058: =((AM1058/AV1058)^(1/(2019-2010)))-1 -> 0.01875856
A1059: QAT | B1059: Qatar | C1059: =VLOOKUP(historical_emissions[[#This Row],[Country]],'Liste-Pays'!A:B,2,0) -> MEA | D1059: Climate Watch | E1059: Total including LUCF | F1059: N2O | G1059: MtCO₂e | H1059: =I1059*(1+$BR1059) -> 27.688106 | I1059: =J1059*(1+$BR1059) -> 25.901011 | J1059: =K1059*(1+$BR1059) -> 24.229262 | K1059: =L1059*(1+$BR1059) -> 22.665414 | L1059: =M1059*(1+$BR1059) -> 21.202502 | M1059: =N1059*(1+$BR1059) -> 19.834013 | N1059: =O1059*(1+$BR1059) -> 18.553851 | O1059: =P1059*(1+$BR1059) -> 17.356315 | ... Y1059: =Z1059*(1+$BR1059) -> 8.9061954 | Z1059: =AA1059*(1+$BQ1059) -> 8.3313559 | AA1059: =AB1059*(1+$BQ1059) -> 7.8071594 | AB1059: =AC1059*(1+$BQ1059) -> 7.3159445 | AC1059: =AD1059*(1+$BQ1059) -> 6.8556361 | AD1059: =AE1059*(1+$BQ1059) -> 6.4242897 | AE1059: =AF1059*(1+$BQ1059) -> 6.0200829 | AF1059: =AG1059*(1+$BQ1059) -> 5.6413082 | AG1059: =AH1059*(1+$BQ1059) -> 5.2863655 | ... AI1059: =AJ1059*(1+$BQ1059) -> 4.6420723 | AJ1059: 4.35 | AK1059: 4.29 | AL1059: 4.21 | AM1059: 4.12 | AN1059: 4.01 | AO1059: 3.9 | AP1059: 3.8 | AQ1059: 3.66 | AR1059: 3.53 | AS1059: 3.45 | AT1059: 3.0 | AU1059: 2.18 | AV1059: 2.26 | AW1059: 2.03 | AX1059: 2.04 | AY1059: 1.9 | AZ1059: 1.83 | BA1059: 1.92 | BB1059: 1.52 | BC1059: 1.29 | BD1059: 1.25 | BE1059: 1.21 | BF1059: 1.18 | BG1059: 1.16 | BH1059: 1.2 | BI1059: 1.07 | BJ1059: 0.7 | BK1059: 0.75 | BL1059: 0.77 | BM1059: 0.72 | BN1059: 0.72 | BO1059: 0.73 | BP1059: 0.7 | BQ1059: =((AV1059/BF1059)^(1/(2010-2000)))-1 -> 0.067143057 | BR1059: =((AM1059/AV1059)^(1/(2019-2010)))-1 -> 0.068997109
A1060: BLR | B1060: Belarus | C1060: =VLOOKUP(historical_emissions[[#This Row],[Country]],'Liste-Pays'!A:B,2,0) -> FSU | D1060: Climate Watch | E1060: Manufacturing/Construction | F1060: CO2 | G1060: MtCO₂e | H1060: =I1060*(1+$BR1060) -> 6.7540159 | I1060: =J1060*(1+$BR1060) -> 6.7287826 | J1060: =K1060*(1+$BR1060) -> 6.7036435 | K1060: =L1060*(1+$BR1060) -> 6.6785984 | L1060: =M1060*(1+$BR1060) -> 6.6536468 | M1060: =N1060*(1+$BR1060) -> 6.6287885 | N1060: =O1060*(1+$BR1060) -> 6.604023 | O1060: =P1060*(1+$BR1060) -> 6.5793501 | ... Y1060: =Z1060*(1+$BR1060) -> 6.3376341 | Z1060: =AA1060*(1+$BQ1060) -> 6.3139564 | AA1060: =AB1060*(1+$BQ1060) -> 6.0816356 | AB1060: =AC1060*(1+$BQ1060) -> 5.857863 | AC1060: =AD1060*(1+$BQ1060) -> 5.642324 | AD1060: =AE1060*(1+$BQ1060) -> 5.4347158 | AE1060: =AF1060*(1+$BQ1060) -> 5.2347465 | AF1060: =AG1060*(1+$BQ1060) -> 5.042135 | AG1060: =AH1060*(1+$BQ1060) -> 4.8566106 | ... AI1060: =AJ1060*(1+$BQ1060) -> 4.5057897 | AJ1060: 4.34 | AK1060: 4.59 | AL1060: 4.7 | AM1060: 4.83 | AN1060: 4.76 | AO1060: 4.65 | AP1060: 4.51 | AQ1060: 4.46 | AR1060: 5.33 | AS1060: 5.21 | AT1060: 5.12 | AU1060: 4.76 | AV1060: 4.67 | AW1060: 4.24 | AX1060: 4.54 | AY1060: 4.27 | AZ1060: 3.99 | BA1060: 4.03 | BB1060: 3.91 | BC1060: 3.6 | BD1060: 3.23 | BE1060: 3.26 | BF1060: 3.21 | BG1060: 4.25 | BH1060: 4.44 | BI1060: 3.87 | BJ1060: 3.85 | BK1060: 3.41 | BL1060: 4.17 | BM1060: 5.52 | BN1060: 5.47 | BO1060: 8.15 | BP1060: 8.37 | BQ1060: =((AV1060/BF1060)^(1/(2010-2000)))-1 -> 0.038200383 | BR1060: =((AM1060/AV1060)^(1/(2019-2010)))-1 -> 0.0037500579
A1061: CIV | B1061: Côte d'Ivoire | C1061: =VLOOKUP(historical_emissions[[#This Row],[Country]],'Liste-Pays'!A:B,2,0) -> AFR | D1061: Climate Watch | E1061: Building | F1061: CH4 | G1061: MtCO₂e | H1061: =I1061*(1+$BR1061) -> 6.4517109 | I1061: =J1061*(1+$BR1061) -> 6.4863823 | J1061: =K1061*(1+$BR1061) -> 6.5212399 | K1061: =L1061*(1+$BR1061) -> 6.5562849 | L1061: =M1061*(1+$BR1061) -> 6.5915182 | M1061: =N1061*(1+$BR1061) -> 6.6269409 | N1061: =O1061*(1+$BR1061) -> 6.6625539 | O1061: =P1061*(1+$BR1061) -> 6.6983584 | ... Y1061: =Z1061*(1+$BR1061) -> 7.0671576 | Z1061: =AA1061*(1+$BQ1061) -> 7.1051364 | AA1061: =AB1061*(1+$BQ1061) -> 6.7618256 | AB1061: =AC1061*(1+$BQ1061) -> 6.4351032 | AC1061: =AD1061*(1+$BQ1061) -> 6.1241675 | AD1061: =AE1061*(1+$BQ1061) -> 5.8282559 | AE1061: =AF1061*(1+$BQ1061) -> 5.5466423 | AF1061: =AG1061*(1+$BQ1061) -> 5.2786359 | AG1061: =AH1061*(1+$BQ1061) -> 5.0235792 | ... AI1061: =AJ1061*(1+$BQ1061) -> 4.5498423 | AJ1061: 4.33 | AK1061: 4.27 | AL1061: 3.54 | AM1061: 3.44 | AN1061: 3.2 | AO1061: 3.57 | AP1061: 3.32 | AQ1061: 3.45 | AR1061: 4.56 | AS1061: 4.44 | AT1061: 4.32 | AU1061: 4.21 | AV1061: 3.61 | AW1061: 3.21 | AX1061: 3.37 | AY1061: 3.44 | AZ1061: 3.36 | BA1061: 3.28 | BB1061: 3.21 | BC1061: 2.29 | BD1061: 2.25 | BE1061: 2.2 | BF1061: 2.2 | BG1061: 2.14 | BH1061: 2.08 | BI1061: 2.04 | BJ1061: 1.99 | BK1061: 1.92 | BL1061: 1.87 | BM1061: 1.82 | BN1061: 1.76 | BO1061: 1.71 | BP1061: 1.65 | BQ1061: =((AV1061/BF1061)^(1/(2010-2000)))-1 -> 0.050771904 | BR1061: =((AM1061/AV1061)^(1/(2019-2010)))-1 -> -0.005345252
... A1119: BEN | B1119: Benin | C1119: =VLOOKUP(historical_emissions[[#This Row],[Country]],'Liste-Pays'!A:B,2,0) -> AFR | D1119: Climate Watch | E1119: Agriculture | F1119: CH4 | G1119: MtCO₂e | H1119: =I1119*(1+$BR1119) -> 5.565678 | I1119: =J1119*(1+$BR1119) -> 5.4293807 | J1119: =K1119*(1+$BR1119) -> 5.2964212 | K1119: =L1119*(1+$BR1119) -> 5.1667177 | L1119: =M1119*(1+$BR1119) -> 5.0401906 | M1119: =N1119*(1+$BR1119) -> 4.9167619 | N1119: =O1119*(1+$BR1119) -> 4.7963559 | O1119: =P1119*(1+$BR1119) -> 4.6788985 | ... Y1119: =Z1119*(1+$BR1119) -> 3.6514539 | Z1119: =AA1119*(1+$BQ1119) -> 3.5620339 | AA1119: =AB1119*(1+$BQ1119) -> 3.5755958 | AB1119: =AC1119*(1+$BQ1119) -> 3.5892093 | AC1119: =AD1119*(1+$BQ1119) -> 3.6028746 | AD1119: =AE1119*(1+$BQ1119) -> 3.616592 | AE1119: =AF1119*(1+$BQ1119) -> 3.6303616 | AF1119: =AG1119*(1+$BQ1119) -> 3.6441836 | AG1119: =AH1119*(1+$BQ1119) -> 3.6580583 | ... AI1119: =AJ1119*(1+$BQ1119) -> 3.6859663 | AJ1119: 3.7 | AK1119: 3.55 | AL1119: 3.28 | AM1119: 3.55 | AN1119: 3.41 | AO1119: 3.33 | AP1119: 3.31 | AQ1119: 3.18 | AR1119: 3.13 | AS1119: 3.2 | AT1119: 3.02 | AU1119: 2.96 | AV1119: 2.84 | AW1119: 2.82 | AX1119: 2.74 | AY1119: 2.87 | AZ1119: 2.8 | BA1119: 2.97 | BB1119: 2.57 | BC1119: 2.6 | BD1119: 2.69 | BE1119: 2.41 | BF1119: 2.95 | BG1119: 2.62 | BH1119: 2.74 | BI1119: 2.56 | BJ1119: 2.45 | BK1119: 1.94 | BL1119: 2.14 | BM1119: 1.97 | BN1119: 1.97 | BO1119: 1.94 | BP1119: 1.85 | BQ1119: =((AV1119/BF1119)^(1/(2010-2000)))-1 -> -0.0037929005 | BR1119: =((AM1119/AV1119)^(1/(2019-2010)))-1 -> 0.025103648
A1120: DZA | B1120: Algeria | C1120: =VLOOKUP(historical_emissions[[#This Row],[Country]],'Liste-Pays'!A:B,2,0) -> AFR | D1120: Climate Watch | E1120: Other Fuel Combustion | F1120: CO2 | G1120: MtCO₂e | H1120: =I1120*(1+$BR1120) -> #DIV/0! | I1120: =J1120*(1+$BR1120) -> #DIV/0! | J1120: =K1120*(1+$BR1120) -> #DIV/0! | K1120: =L1120*(1+$BR1120) -> #DIV/0! | L1120: =M1120*(1+$BR1120) -> #DIV/0! | M1120: =N1120*(1+$BR1120) -> #DIV/0! | N1120: =O1120*(1+$BR1120) -> #DIV/0! | O1120: =P1120*(1+$BR1120) -> #DIV/0! | ... Y1120: =Z1120*(1+$BR1120) -> #DIV/0! | Z1120: =AA1120*(1+$BQ1120) -> #DIV/0! | AA1120: =AB1120*(1+$BQ1120) -> #DIV/0! | AB1120: =AC1120*(1+$BQ1120) -> #DIV/0! | AC1120: =AD1120*(1+$BQ1120) -> #DIV/0! | AD1120: =AE1120*(1+$BQ1120) -> #DIV/0! | AE1120: =AF1120*(1+$BQ1120) -> #DIV/0! | AF1120: =AG1120*(1+$BQ1120) -> #DIV/0! | AG1120: =AH1120*(1+$BQ1120) -> #DIV/0! | ... AI1120: =AJ1120*(1+$BQ1120) -> #DIV/0! | AJ1120: 3.68 | AK1120: 3.26 | AL1120: 4.74 | AM1120: 5.73 | AN1120: 4.2 | AO1120: 3.33 | AP1120: 2.65 | AQ1120: 2.49 | AR1120: 2.37 | AS1120: 4.12 | AT1120: 3.53 | AU1120: 3.96 | AV1120: 3.57 | AW1120: 3.93 | AX1120: N/A | AY1120: N/A | AZ1120: N/A | BA1120: N/A | BB1120: N/A | BC1120: N/A | BD1120: N/A | BE1120: N/A | BG1120: N/A | BH1120: N/A | BI1120: N/A | BJ1120: N/A | BK1120: N/A | BL1120: N/A | BM1120: N/A | BN1120: N/A | BO1120: N/A | BQ1120: =((AV1120/BF1120)^(1/(2010-2000)))-1 -> #DIV/0! | BR1120: =((AM1120/AV1120)^(1/(2019-2010)))-1 -> 0.053978672
A1121: TGO | B1121: Togo | C1121: =VLOOKUP(historical_emissions[[#This Row],[Country]],'Liste-Pays'!A:B,2,0) -> AFR | D1121: Climate Watch | E1121: Total including LUCF | F1121: CO2 | G1121: MtCO₂e | H1121: =I1121*(1+$BR1121) -> 2.6283958 | I1121: =J1121*(1+$BR1121) -> 2.6641586 | J1121: =K1121*(1+$BR1121) -> 2.700408 | K1121: =L1121*(1+$BR1121) -> 2.7371506 | L1121: =M1121*(1+$BR1121) -> 2.7743931 | M1121: =N1121*(1+$BR1121) -> 2.8121424 | N1121: =O1121*(1+$BR1121) -> 2.8504052 | O1121: =P1121*(1+$BR1121) -> 2.8891888 | ... Y1121: =Z1121*(1+$BR1121) -> 3.3072649 | Z1121: =AA1121*(1+$BQ1121) -> 3.3522646 | AA1121: =AB1121*(1+$BQ1121) -> 3.3836797 | AB1121: =AC1121*(1+$BQ1121) -> 3.4153892 | AC1121: =AD1121*(1+$BQ1121) -> 3.4473958 | AD1121: =AE1121*(1+$BQ1121) -> 3.4797024 | AE1121: =AF1121*(1+$BQ1121) -> 3.5123118 | AF1121: =AG1121*(1+$BQ1121) -> 3.5452267 | AG1121: =AH1121*(1+$BQ1121) -> 3.5784501 | ... AI1121: =AJ1121*(1+$BQ1121) -> 3.6458338 | AJ1121: 3.68 | AK1121: 3.6 | AL1121: 3.47 | AM1121: 3.17 | AN1121: 2.91 | AO1121: 2.66 | AP1121: 3.15 | AQ1121: 2.77 | AR1121: 2.53 | AS1121: 2.72 | AT1121: 3.21 | AU1121: 3.46 | AV1121: 3.58 | AW1121: 3.77 | AX1121: 2.51 | AY1121: 2.45 | AZ1121: 2.51 | BA1121: 2.69 | BB1121: 2.72 | BC1121: 2.78 | BD1121: 2.29 | BE1121: 2.12 | BF1121: 3.93 | BG1121: 4.37 | BH1121: 3.86 | BI1121: 3.43 | BJ1121: 4.02 | BK1121: 3.64 | BL1121: 3.57 | BM1121: 3.3 | BN1121: 3.41 | BO1121: 3.59 | BP1121: 3.64 | BQ1121: =((AV1121/BF1121)^(1/(2010-2000)))-1 -> -0.0092842948 | BR1121: =((AM1121/AV1121)^(1/(2019-2010)))-1 -> -0.013423667
A1122: GTM | B1122: Guatemala | C1122: =VLOOKUP(historical_emissions[[#This Row],[Country]],'Liste-Pays'!A:B,2,0) -> CSA | D1122: Climate Watch | E1122: Manufacturing/Construction | F1122: CO2 | G1122: MtCO₂e | H1122: =I1122*(1+$BR1122) -> 6.5823272 | I1122: =J1122*(1+$BR1122) -> 6.3818948 | J1122: =K1122*(1+$BR1122) -> 6.1875655 | K1122: =L1122*(1+$BR1122) -> 5.9991536 | L1122: =M1122*(1+$BR1122) -> 5.8164788 | M1122: =N1122*(1+$BR1122) -> 5.6393665 | N1122: =O1122*(1+$BR1122) -> 5.4676473 | O1122: =P1122*(1+$BR1122) -> 5.3011569 | ... Y1122: =Z1122*(1+$BR1122) -> 3.8910997 | Z1122: =AA1122*(1+$BQ1122) -> 3.7726154 | AA1122: =AB1122*(1+$BQ1122) -> 3.7611996 | AB1122: =AC1122*(1+$BQ1122) -> 3.7498185 | AC1122: =AD1122*(1+$BQ1122) -> 3.7384717 | AD1122: =AE1122*(1+$BQ1122) -> 3.7271593 | AE1122: =AF1122*(1+$BQ1122) -> 3.7158811 | AF1122: =AG1122*(1+$BQ1122) -> 3.704637 | AG1122: =AH1122*(1+$BQ1122) -> 3.693427 | ... AI1122: =AJ1122*(1+$BQ1122) -> 3.6711086 | AJ1122: 3.66 | AK1122: 2.58 | AL1122: 1.99 | AM1122: 1.77 | AN1122: 1.95 | AO1122: 1.85 | AP1122: 2.04 | AQ1122: 1.98 | AR1122: 1.82 | AS1122: 1.72 | AT1122: 1.67 | AU1122: 1.68 | AV1122: 1.34 | AW1122: 1.27 | AX1122: 1.48 | AY1122: 1.89 | AZ1122: 1.57 | BA1122: 1.46 | BB1122: 0.94 | BC1122: 1.08 | BD1122: 1.03 | BE1122: 1.34 | BF1122: 1.3 | BG1122: 1.13 | BH1122: 1.29 | BI1122: 1.25 | BJ1122: 1.22 | BK1122: 1.29 | BL1122: 1.09 | BM1122: 1.04 | BN1122: 0.84 | BO1122: 0.76 | BP1122: 0.71 | BQ1122: =((AV1122/BF1122)^(1/(2010-2000)))-1 -> 0.0030351317 | BR1122: =((AM1122/AV1122)^(1/(2019-2010)))-1 -> 0.031406419
A1123: IDN | B1123: Indonesia | C1123: =VLOOKUP(historical_emissions[[#This Row],[Country]],'Liste-Pays'!A:B,2,0) -> ODA | D1123: Climate Watch | E1123: Other Fuel Combustion | F1123: CO2 | G1123: MtCO₂e | H1123: =I1123*(1+$BR1123) -> 0.42525181 | I1123: =J1123*(1+$BR1123) -> 0.46872386 | J1123: =K1123*(1+$BR1123) -> 0.51663992 | K1123: =L1123*(1+$BR1123) -> 0.56945428 | L1123: =M1123*(1+$BR1123) -> 0.62766767 | M1123: =N1123*(1+$BR1123) -> 0.69183202 | N1123: =O1123*(1+$BR1123) -> 0.76255568 | O1123: =P1123*(1+$BR1123) -> 0.84050917 | ... Y1123: =Z1123*(1+$BR1123) -> 2.2245975 | Z1123: =AA1123*(1+$BQ1123) -> 2.4520106 | AA1123: =AB1123*(1+$BQ1123) -> 2.5501209 | AB1123: =AC1123*(1+$BQ1123) -> 2.6521568 | AC1123: =AD1123*(1+$BQ1123) -> 2.7582754 | AD1123: =AE1123*(1+$BQ1123) -> 2.86864 | AE1123: =AF1123*(1+$BQ1123) -> 2.9834206 | AF1123: =AG1123*(1+$BQ1123) -> 3.1027938 | AG1123: =AH1123*(1+$BQ1123) -> 3.2269433 | ... AI1123: =AJ1123*(1+$BQ1123) -> 3.4903437 | AJ1123: 3.63 | AK1123: 3.37 | AL1123: 2.85 | AM1123: 3.19 | AN1123: 4.9 | AO1123: 6.2 | AP1123: 6.73 | AQ1123: 7.02 | AR1123: 9.83 | AS1123: 10.85 | AT1123: 12.02 | AU1123: 9.53 | AV1123: 7.66 | AW1123: 9.03 | AX1123: 9.08 | AY1123: 9.29 | AZ1123: 9.67 | BA1123: 10.94 | BB1123: 12.12 | BC1123: 10.89 | BD1123: 11.57 | BE1123: 11.86 | BF1123: 11.34 | BG1123: 8.85 | BH1123: 6.54 | BI1123: 6.17 | BJ1123: 6.29 | BK1123: 5.81 | BL1123: 5.56 | BM1123: 5.3 | BN1123: 4.63 | BO1123: 3.82 | BP1123: 3.83 | BQ1123: =((AV1123/BF1123)^(1/(2010-2000)))-1 -> -0.038472806 | BR1123: =((AM1123/AV1123)^(1/(2019-2010)))-1 -> -0.092745562
A1124: ATG | B1124: Antigua and Barbuda | C1124: =VLOOKUP(historical_emissions[[#This Row],[Country]],'Liste-Pays'!A:B,2,0) -> CSA | D1124: Climate Watch | E1124: Industrial Processes | F1124: F-Gas | G1124: MtCO₂e | H1124: =I1124*(1+$BR1124) -> 20.215272 | I1124: =J1124*(1+$BR1124) -> 19.893456 | J1124: =K1124*(1+$BR1124) -> 19.576762 | K1124: =L1124*(1+$BR1124) -> 19.26511 | L1124: =M1124*(1+$BR1124) -> 18.95842 | M1124: =N1124*(1+$BR1124) -> 18.656612 | N1124: =O1124*(1+$BR1124) -> 18.359608 | O1124: =P1124*(1+$BR1124) -> 18.067333 | ... Y1124: =Z1124*(1+$BR1124) -> 15.388646 | Z1124: =AA1124*(1+$BQ1124) -> 15.143667 | AA1124: =AB1124*(1+$BQ1124) -> 13.12438 | AB1124: =AC1124*(1+$BQ1124) -> 11.374349 | AC1124: =AD1124*(1+$BQ1124) -> 9.8576706 | AD1124: =AE1124*(1+$BQ1124) -> 8.5432291 | AE1124: =AF1124*(1+$BQ1124) -> 7.4040579 | AF1124: =AG1124*(1+$BQ1124) -> 6.416786 | AG1124: =AH1124*(1+$BQ1124) -> 5.561159 | ... AI1124: =AJ1124*(1+$BQ1124) -> 4.1769648 | AJ1124: 3.62 | AK1124: 3.28 | AL1124: 2.93 | AM1124: 2.9 | AN1124: 2.87 | AO1124: 2.84 | AP1124: 2.81 | AQ1124: 2.77 | AR1124: 2.72 | AS1124: 2.67 | AT1124: 2.61 | AU1124: 2.56 | AV1124: 2.51 | AW1124: 2.25 | AX1124: 1.99 | AY1124: 1.73 | AZ1124: 1.48 | BA1124: 1.22 | BB1124: 1.1 | BC1124: 0.97 | BD1124: 0.85 | BE1124: 0.73 | BF1124: 0.6 | BG1124: 0.51 | BH1124: 0.41 | BI1124: 0.31 | BJ1124: 0.21 | BK1124: 0.11 | BL1124: 0.09 | BM1124: 0.07 | BN1124: 0.05 | BO1124: 0.02 | BP1124: 0 | BQ1124: =((AV1124/BF1124)^(1/(2010-2000)))-1 -> 0.15385769 | BR1124: =((AM1124/AV1124)^(1/(2019-2010)))-1 -> 0.016177007
A1125: ATG | B1125: Antigua and Barbuda | C1125: =VLOOKUP(historical_emissions[[#This Row],[Country]],'Liste-Pays'!A:B,2,0) -> CSA | D1125: Climate Watch | E1125: Total including LUCF | F1125: F-Gas | G1125: MtCO₂e | H1125: =I1125*(1+$BR1125) -> 20.215272 | I1125: =J1125*(1+$BR1125) -> 19.893456 | J1125: =K1125*(1+$BR1125) -> 19.576762 | K1125: =L1125*(1+$BR1125) -> 19.26511 | L1125: =M1125*(1+$BR1125) -> 18.95842 | M1125: =N1125*(1+$BR1125) -> 18.656612 | N1125: =O1125*(1+$BR1125) -> 18.359608 | O1125: =P1125*(1+$BR1125) -> 18.067333 | ... Y1125: =Z1125*(1+$BR1125) -> 15.388646 | Z1125: =AA1125*(1+$BQ1125) -> 15.143667 | AA1125: =AB1125*(1+$BQ1125) -> 13.12438 | AB1125: =AC1125*(1+$BQ1125) -> 11.374349 | AC1125: =AD1125*(1+$BQ1125) -> 9.8576706 | AD1125: =AE1125*(1+$BQ1125) -> 8.5432291 | AE1125: =AF1125*(1+$BQ1125) -> 7.4040579 | AF1125: =AG1125*(1+$BQ1125) -> 6.416786 | AG1125: =AH1125*(1+$BQ1125) -> 5.561159 | ... AI1125: =AJ1125*(1+$BQ1125) -> 4.1769648 | AJ1125: 3.62 | AK1125: 3.28 | AL1125: 2.93 | AM1125: 2.9 | AN1125: 2.87 | AO1125: 2.84 | AP1125: 2.81 | AQ1125: 2.77 | AR1125: 2.72 | AS1125: 2.67 | AT1125: 2.61 | AU1125: 2.56 | AV1125: 2.51 | AW1125: 2.25 | AX1125: 1.99 | AY1125: 1.73 | AZ1125: 1.48 | BA1125: 1.22 | BB1125: 1.1 | BC1125: 0.97 | BD1125: 0.85 | BE1125: 0.73 | BF1125: 0.6 | BG1125: 0.51 | BH1125: 0.41 | BI1125: 0.31 | BJ1125: 0.21 | BK1125: 0.11 | BL1125: 0.09 | BM1125: 0.07 | BN1125: 0.05 | BO1125: 0.02 | BP1125: 0 | BQ1125: =((AV1125/BF1125)^(1/(2010-2000)))-1 -> 0.15385769 | BR1125: =((AM1125/AV1125)^(1/(2019-2010)))-1 -> 0.016177007
A1126: GRC | B1126: Greece | C1126: =VLOOKUP(historical_emissions[[#This Row],[Country]],'Liste-Pays'!A:B,2,0) -> WEU | D1126: Climate Watch | E1126: Total including LUCF | F1126: N2O | G1126: MtCO₂e | H1126: =I1126*(1+$BR1126) -> 1.9051972 | I1126: =J1126*(1+$BR1126) -> 1.9585264 | J1126: =K1126*(1+$BR1126) -> 2.0133483 | K1126: =L1126*(1+$BR1126) -> 2.0697048 | L1126: =M1126*(1+$BR1126) -> 2.1276388 | M1126: =N1126*(1+$BR1126) -> 2.1871944 | N1126: =O1126*(1+$BR1126) -> 2.2484171 | O1126: =P1126*(1+$BR1126) -> 2.3113534 | ... Y1126: =Z1126*(1+$BR1126) -> 3.0462199 | Z1126: =AA1126*(1+$BQ1126) -> 3.1314879 | AA1126: =AB1126*(1+$BQ1126) -> 3.1772144 | AB1126: =AC1126*(1+$BQ1126) -> 3.2236086 | AC1126: =AD1126*(1+$BQ1126) -> 3.2706802 | AD1126: =AE1126*(1+$BQ1126) -> 3.3184392 | AE1126: =AF1126*(1+$BQ1126) -> 3.3668956 | AF1126: =AG1126*(1+$BQ1126) -> 3.4160596 | AG1126: =AH1126*(1+$BQ1126) -> 3.4659414 | ... AI1126: =AJ1126*(1+$BQ1126) -> 3.5679009 | AJ1126: 3.62 | AK1126: 3.98 | AL1126: 3.83 | AM1126: 3.9 | AN1126: 3.88 | AO1126: 4.05 | AP1126: 4.01 | AQ1126: 4.01 | AR1126: 4.17 | AS1126: 4.29 | AT1126: 4.56 | AU1126: 4.81 | AV1126: 5 | AW1126: 4.81 | AX1126: 5.03 | AY1126: 5.33 | AZ1126: 5.04 | BA1126: 5.23 | BB1126: 5.43 | BC1126: 5.37 | BD1126: 5.44 | BE1126: 5.5 | BF1126: 5.78 | BG1126: 5.7 | BH1126: 5.76 | BI1126: 5.88 | BJ1126: 6.15 | BK1126: 5.89 | BL1126: 6.06 | BM1126: 5.94 | BN1126: 6.35 | BO1126: 6.45 | BP1126: 6.66 | BQ1126: =((AV1126/BF1126)^(1/(2010-2000)))-1 -> -0.014392008 | BR1126: =((AM1126/AV1126)^(1/(2019-2010)))-1 -> -0.027229232
A1127: ALB | B1127: Albania | C1127: =VLOOKUP(historical_emissions[[#This Row],[Country]],'Liste-Pays'!A:B,2,0) -> EEU | D1127: Climate Watch | E1127: Energy | F1127: CO2 | G1127: MtCO₂e | H1127: =I1127*(1+$BR1127) -> 4.8993723 | I1127: =J1127*(1+$BR1127) -> 4.8831077 | J1127: =K1127*(1+$BR1127) -> 4.866897 | K1127: =L1127*(1+$BR1127) -> 4.8507401 | L1127: =M1127*(1+$BR1127) -> 4.8346369 | M1127: =N1127*(1+$BR1127) -> 4.8185871 | N1127: =O1127*(1+$BR1127) -> 4.8025906 | O1127: =P1127*(1+$BR1127) -> 4.7866473 | ... Y1127: =Z1127*(1+$BR1127) -> 4.6300957 | Z1127: =AA1127*(1+$BQ1127) -> 4.6147249 | AA1127: =AB1127*(1+$BQ1127) -> 4.5027927 | AB1127: =AC1127*(1+$BQ1127) -> 4.3935755 | AC1127: =AD1127*(1+$BQ1127) -> 4.2870074 | AD1127: =AE1127*(1+$BQ1127) -> 4.1830241 | AE1127: =AF1127*(1+$BQ1127) -> 4.0815631 | AF1127: =AG1127*(1+$BQ1127) -> 3.9825629 | AG1127: =AH1127*(1+$BQ1127) -> 3.8859641 | ... AI1127: =AJ1127*(1+$BQ1127) -> 3.6997388 | AJ1127: 3.61 | AK1127: 3.89 | AL1127: 3.39 | AM1127: 4.07 | AN1127: 4.39 | AO1127: 4.39 | AP1127: 3.69 | AQ1127: 3.84 | AR1127: 4.14 | AS1127: 3.67 | AT1127: 3.5 | AU1127: 4.16 | AV1127: 3.95 | AW1127: 3.78 | AX1127: 3.73 | AY1127: 3.79 | AZ1127: 3.81 | BA1127: 3.84 | BB1127: 4.02 | BC1127: 3.84 | BD1127: 3.76 | BE1127: 3.23 | BF1127: 3.09 | BG1127: 2.93 | BH1127: 1.76 | BI1127: 1.43 | BJ1127: 1.86 | BK1127: 1.85 | BL1127: 2.03 | BM1127: 1.98 | BN1127: 2.14 | BO1127: 3.81 | BP1127: 5.68 | BQ1127: =((AV1127/BF1127)^(1/(2010-2000)))-1 -> 0.024858392 | BR1127: =((AM1127/AV1127)^(1/(2019-2010)))-1 -> 0.0033308038
A1128: KEN | B1128: Kenya | C1128: =VLOOKUP(historical_emissions[[#This Row],[Country]],'Liste-Pays'!A:B,2,0) -> AFR | D1128: Climate Watch | E1128: Manufacturing/Construction | F1128: CO2 | G1128: MtCO₂e | H1128: =I1128*(1+$BR1128) -> 7.1190398 | I1128: =J1128*(1+$BR1128) -> 7.0384596 | J1128: =K1128*(1+$BR1128) -> 6.9587914 | K1128: =L1128*(1+$BR1128) -> 6.880025 | L1128: =M1128*(1+$BR1128) -> 6.8021502 | M1128: =N1128*(1+$BR1128) -> 6.7251568 | N1128: =O1128*(1+$BR1128) -> 6.6490349 | O1128: =P1128*(1+$BR1128) -> 6.5737746 | ... Y1128: =Z1128*(1+$BR1128) -> 5.8664691 | Z1128: =AA1128*(1+$BQ1128) -> 5.8000667 | AA1128: =AB1128*(1+$BQ1128) -> 5.531468 | AB1128: =AC1128*(1+$BQ1128) -> 5.2753081 | AC1128: =AD1128*(1+$BQ1128) -> 5.0310108 | AD1128: =AE1128*(1+$BQ1128) -> 4.7980268 | AE1128: =AF1128*(1+$BQ1128) -> 4.5758322 | AF1128: =AG1128*(1+$BQ1128) -> 4.3639274 | AG1128: =AH1128*(1+$BQ1128) -> 4.1618358 | ... AI1128: =AJ1128*(1+$BQ1128) -> 3.7852954 | AJ1128: 3.61 | AK1128: 3.24 | AL1128: 2.68 | AM1128: 2.67 | AN1128: 3.0 | AO1128: 2.88 | AP1128: 2.99 | AQ1128: 2.85 | AR1128: 2.49 | AS1128: 2.01 | AT1128: 2.0 | AU1128: 2.79 | AV1128: 2.41 | AW1128: 2.09 | AX1128: 2.21 | AY1128: 2.12 | AZ1128: 2.27 | BA1128: 1.89 | BB1128: 1.72 | BC1128: 1.54 | BD1128: 1.79 | BE1128: 1.62 | BF1128: 1.5 | BG1128: 1.28 | BH1128: 1.41 | BI1128: 1.54 | BJ1128: 1.77 | BK1128: 1.55 | BL1128: 1.55 | BM1128: 1.57 | BN1128: 1.48 | BO1128: 1.4 | BP1128: 1.41 | BQ1128: =((AV1128/BF1128)^(1/(2010-2000)))-1 -> 0.04855829 | BR1128: =((AM1128/AV1128)^(1/(2019-2010)))-1 -> 0.011448564
A1129: SWE | B1129: Sweden | C1129: =VLOOKUP(historical_emissions[[#This Row],[Country]],'Liste-Pays'!A:B,2,0) -> WEU | D1129: Climate Watch | E1129: Agriculture | F1129: CH4 | G1129: MtCO₂e | H1129: =I1129*(1+$BR1129) -> 2.691826 | I1129: =J1129*(1+$BR1129) -> 2.7192806 | J1129: =K1129*(1+$BR1129) -> 2.7470151 | K1129: =L1129*(1+$BR1129) -> 2.7750326 | L1129: =M1129*(1+$BR1129) -> 2.8033357 | M1129: =N1129*(1+$BR1129) -> 2.8319276 | N1129: =O1129*(1+$BR1129) -> 2.8608111 | O1129: =P1129*(1+$BR1129) -> 2.8899891 | ... Y1129: =Z1129*(1+$BR1129) -> 3.1986486 | Z1129: =AA1129*(1+$BQ1129) -> 3.2312723 | AA1129: =AB1129*(1+$BQ1129) -> 3.2672843 | AB1129: =AC1129*(1+$BQ1129) -> 3.3036976 | AC1129: =AD1129*(1+$BQ1129) -> 3.3405167 | AD1129: =AE1129*(1+$BQ1129) -> 3.3777462 | AE1129: =AF1129*(1+$BQ1129) -> 3.4153906 | AF1129: =AG1129*(1+$BQ1129) -> 3.4534546 | AG1129: =AH1129*(1+$BQ1129) -> 3.4919427 | ... AI1129: =AJ1129*(1+$BQ1129) -> 3.5702106 | AJ1129: 3.61 | AK1129: 3.6 | AL1129: 3.63 | AM1129: 3.66 | AN1129: 3.76 | AO1129: 3.81 | AP1129: 3.79 | AQ1129: 3.8 | AR1129: 3.9 | AS1129: 3.91 | AT1129: 3.92 | AU1129: 3.97 | AV1129: 4.01 | AW1129: 4.02 | AX1129: 4.09 | AY1129: 4.1 | AZ1129: 4.2 | BA1129: 4.26 | BB1129: 4.32 | BC1129: 4.29 | BD1129: 4.36 | BE1129: 4.4 | BF1129: 4.48 | BG1129: 4.61 | BH1129: 4.69 | BI1129: 4.83 | BJ1129: 4.85 | BK1129: 4.85 | BL1129: 5.0 | BM1129: 4.98 | BN1129: 4.92 | BO1129: 4.78 | BP1129: 4.91 | BQ1129: =((AV1129/BF1129)^(1/(2010-2000)))-1 -> -0.011021988 | BR1129: =((AM1129/AV1129)^(1/(2019-2010)))-1 -> -0.010096253
A1130: GNQ | B1130: Equatorial Guinea | C1130: =VLOOKUP(historical_emissions[[#This Row],[Country]],'Liste-Pays'!A:B,2,0) -> AFR | D1130: Climate Watch | E1130: Energy | F1130: CO2 | G1130: MtCO₂e | H1130: =I1130*(1+$BR1130) -> 4.390999 | I1130: =J1130*(1+$BR1130) -> 4.5620418 | J1130: =K1130*(1+$BR1130) -> 4.7397473 | K1130: =L1130*(1+$BR1130) -> 4.9243749 | L1130: =M1130*(1+$BR1130) -> 5.1161944 | M1130: =N1130*(1+$BR1130) -> 5.3154858 | N1130: =O1130*(1+$BR1130) -> 5.5225403 | O1130: =P1130*(1+$BR1130) -> 5.7376601 | ... Y1130: =Z1130*(1+$BR1130) -> 8.4080267 | Z1130: =AA1130*(1+$BQ1130) -> 8.735545 | AA1130: =AB1130*(1+$BQ1130) -> 7.9944991 | AB1130: =AC1130*(1+$BQ1130) -> 7.3163168 | AC1130: =AD1130*(1+$BQ1130) -> 6.6956656 | AD1130: =AE1130*(1+$BQ1130) -> 6.1276649 | AE1130: =AF1130*(1+$BQ1130) -> 5.6078483 | AF1130: =AG1130*(1+$BQ1130) -> 5.1321283 | AG1130: =AH1130*(1+$BQ1130) -> 4.6967642 | ... AI1130: =AJ1130*(1+$BQ1130) -> 3.9337001 | AJ1130: 3.6 | AK1130: 3.46 | AL1130: 3.65 | AM1130: 3.63 | AN1130: 3.75 | AO1130: 3.93 | AP1130: 4.42 | AQ1130: 4.43 | AR1130: 4.75 | AS1130: 4.75 | AT1130: 4.64 | AU1130: 4.79 | AV1130: 5.12 | AW1130: 4.87 | AX1130: 5.99 | AY1130: 6.52 | AZ1130: 5.77 | BA1130: 5.8 | BB1130: 5.71 | BC1130: 2.96 | BD1130: 2.69 | BE1130: 3.09 | BF1130: 2.11 | BG1130: 3.55 | BH1130: 2.2 | BI1130: 1.81 | BJ1130: 1.31 | BK1130: 1.2 | BL1130: 1.13 | BM1130: 1.05 | BN1130: 0.97 | BO1130: 0.07 | BP1130: 0.07 | BQ1130: =((AV1130/BF1130)^(1/(2010-2000)))-1 -> 0.092694484 | BR1130: =((AM1130/AV1130)^(1/(2019-2010)))-1 -> -0.037492607
A1131: ISR | B1131: Israel | C1131: =VLOOKUP(historical_emissions[[#This Row],[Country]],'Liste-Pays'!A:B,2,0) -> MEA | D1131: Climate Watch | E1131: Manufacturing/Construction | F1131: CO2 | G1131: MtCO₂e | H1131: =I1131*(1+$BR1131) -> 20.517016 | I1131: =J1131*(1+$BR1131) -> 19.386361 | J1131: =K1131*(1+$BR1131) -> 18.318015 | K1131: =L1131*(1+$BR1131) -> 17.308543 | L1131: =M1131*(1+$BR1131) -> 16.354701 | M1131: =N1131*(1+$BR1131) -> 15.453424 | N1131: =O1131*(1+$BR1131) -> 14.601815 | O1131: =P1131*(1+$BR1131) -> 13.797136 | ... Y1131: =Z1131*(1+$BR1131) -> 7.8272644 | Z1131: =AA1131*(1+$BQ1131) -> 7.3959184 | AA1131: =AB1131*(1+$BQ1131) -> 6.8821344 | AB1131: =AC1131*(1+$BQ1131) -> 6.4040422 | AC1131: =AD1131*(1+$BQ1131) -> 5.9591625 | AD1131: =AE1131*(1+$BQ1131) -> 5.5451879 | AE1131: =AF1131*(1+$BQ1131) -> 5.1599715 | AF1131: =AG1131*(1+$BQ1131) -> 4.8015156 | AG1131: =AH1131*(1+$BQ1131) -> 4.4679611 | ... AI1131: =AJ1131*(1+$BQ1131) -> 3.8687571 | AJ1131: 3.6 | AK1131: 3.85 | AL1131: 4.28 | AM1131: 5.03 | AN1131: 4.35 | AO1131: 4.97 | AP1131: 4.16 | AQ1131: 4.52 | AR1131: 5.13 | AS1131: 4.93 | AT1131: 1.31 | AU1131: 0.85 | AV1131: 3.02 | AW1131: 2.02 | AX1131: 1.69 | AY1131: 0.98 | AZ1131: 0.89 | BA1131: 0.82 | BB1131: 0.88 | BC1131: 1.03 | BD1131: 1.29 | BE1131: 1.31 | BF1131: 1.47 | BG1131: 1.54 | BH1131: 1.68 | BI1131: 1.91 | BJ1131: 2.81 | BK1131: 2.93 | BL1131: 2.66 | BM1131: 2.35 | BN1131: 1.63 | BO1131: 3.15 | BP1131: 3.18 | BQ1131: =((AV1131/BF1131)^(1/(2010-2000)))-1 -> 0.074654746 | BR1131: =((AM1131/AV1131)^(1/(2019-2010)))-1 -> 0.058322169
A1132: KEN | B1132: Kenya | C1132: =VLOOKUP(historical_emissions[[#This Row],[Country]],'Liste-Pays'!A:B,2,0) -> AFR | D1132: Climate Watch | E1132: Industrial Processes | F1132: CO2 | G1132: MtCO₂e | H1132: =I1132*(1+$BR1132) -> 10.08 | I1132: =J1132*(1+$BR1132) -> 10.08 | J1132: =K1132*(1+$BR1132) -> 10.08 | K1132: =L1132*(1+$BR1132) -> 10.08 | L1132: =M1132*(1+$BR1132) -> 10.08 | M1132: =N1132*(1+$BR1132) -> 10.08 | N1132: =O1132*(1+$BR1132) -> 10.08 | O1132: =P1132*(1+$BR1132) -> 10.08 | ... Y1132: =Z1132*(1+$BR1132) -> 10.08 | Z1132: =AA1132*(1+$BQ1132) -> 10.08 | AA1132: =AB1132*(1+$BQ1132) -> 9.093786 | AB1132: =AC1132*(1+$BQ1132) -> 8.2040619 | AC1132: =AD1132*(1+$BQ1132) -> 7.4013872 | AD1132: =AE1132*(1+$BQ1132) -> 6.6772451 | AE1132: =AF1132*(1+$BQ1132) -> 6.0239522 | AF1132: =AG1132*(1+$BQ1132) -> 5.4345766 | AG1132: =AH1132*(1+$BQ1132) -> 4.9028647 | ... AI1132: =AJ1132*(1+$BQ1132) -> 3.9904172 | AJ1132: 3.6 | AK1132: 3.18 | AL1132: 1.96 | AM1132: 1.54 | AN1132: 1.39 | AO1132: 1.73 | AP1132: 1.66 | AQ1132: 1.53 | AR1132: 1.75 | AS1132: 1.35 | AT1132: 1.16 | AU1132: 1.12 | AV1132: 1.54 | AW1132: 1.5 | AX1132: 1.28 | AY1132: 1.18 | AZ1132: 1.09 | BA1132: 0.96 | BB1132: 0.89 | BC1132: 0.79 | BD1132: 0.59 | BE1132: 0.52 | BF1132: 0.55 | BG1132: 0.57 | BH1132: 0.68 | BI1132: 0.72 | BJ1132: 0.87 | BK1132: 0.75 | BL1132: 0.69 | BM1132: 0.68 | BN1132: 0.72 | BO1132: 0.68 | BP1132: 0.72 | BQ1132: =((AV1132/BF1132)^(1/(2010-2000)))-1 -> 0.10844922 | BR1132: =((AM1132/AV1132)^(1/(2019-2010)))-1 -> 0
... A1148: IRQ | B1148: Iraq | C1148: =VLOOKUP(historical_emissions[[#This Row],[Country]],'Liste-Pays'!A:B,2,0) -> MEA | D1148: Climate Watch | E1148: Agriculture | F1148: N2O | G1148: MtCO₂e | H1148: =I1148*(1+$BR1148) -> 5.0784241 | I1148: =J1148*(1+$BR1148) -> 4.9823742 | J1148: =K1148*(1+$BR1148) -> 4.8881409 | K1148: =L1148*(1+$BR1148) -> 4.7956899 | L1148: =M1148*(1+$BR1148) -> 4.7049874 | M1148: =N1148*(1+$BR1148) -> 4.6160005 | N1148: =O1148*(1+$BR1148) -> 4.5286965 | O1148: =P1148*(1+$BR1148) -> 4.4430438 | ... Y1148: =Z1148*(1+$BR1148) -> 3.6707462 | Z1148: =AA1148*(1+$BQ1148) -> 3.6013201 | AA1148: =AB1148*(1+$BQ1148) -> 3.5817147 | AB1148: =AC1148*(1+$BQ1148) -> 3.5622161 | AC1148: =AD1148*(1+$BQ1148) -> 3.5428236 | AD1148: =AE1148*(1+$BQ1148) -> 3.5235366 | AE1148: =AF1148*(1+$BQ1148) -> 3.5043547 | AF1148: =AG1148*(1+$BQ1148) -> 3.4852771 | AG1148: =AH1148*(1+$BQ1148) -> 3.4663035 | ... AI1148: =AJ1148*(1+$BQ1148) -> 3.4286655 | AJ1148: 3.41 | AK1148: 3.63 | AL1148: 3.87 | AM1148: 3.8 | AN1148: 3.05 | AO1148: 3.13 | AP1148: 2.7 | AQ1148: 2.41 | AR1148: 3.22 | AS1148: 3.58 | AT1148: 3.58 | AU1148: 3.43 | AV1148: 3.2 | AW1148: 3.35 | AX1148: 2.79 | AY1148: 2.49 | AZ1148: 2.58 | BA1148: 2.64 | BB1148: 2.18 | BC1148: 1.94 | BD1148: 4.62 | BE1148: 4.45 | BF1148: 3.03 | BG1148: 3.04 | BH1148: 3.14 | BI1148: 3.01 | BJ1148: 2.85 | BK1148: 2.93 | BL1148: 3.17 | BM1148: 3.28 | BN1148: 2.44 | BO1148: 1.95 | BP1148: 3.06 | BQ1148: =((AV1148/BF1148)^(1/(2010-2000)))-1 -> 0.0054737455 | BR1148: =((AM1148/AV1148)^(1/(2019-2010)))-1 -> 0.019277938
A1149: UZB | B1149: Uzbekistan | C1149: =VLOOKUP(historical_emissions[[#This Row],[Country]],'Liste-Pays'!A:B,2,0) -> FSU | D1149: Climate Watch | E1149: Industrial Processes | F1149: CO2 | G1149: MtCO₂e | H1149: =I1149*(1+$BR1149) -> 12.644853 | I1149: =J1149*(1+$BR1149) -> 12.211582 | J1149: =K1149*(1+$BR1149) -> 11.793157 | K1149: =L1149*(1+$BR1149) -> 11.389068 | L1149: =M1149*(1+$BR1149) -> 10.998826 | M1149: =N1149*(1+$BR1149) -> 10.621956 | N1149: =O1149*(1+$BR1149) -> 10.257998 | O1149: =P1149*(1+$BR1149) -> 9.9065117 | ... Y1149: =Z1149*(1+$BR1149) -> 6.9904019 | Z1149: =AA1149*(1+$BQ1149) -> 6.7508784 | AA1149: =AB1149*(1+$BQ1149) -> 6.305212 | AB1149: =AC1149*(1+$BQ1149) -> 5.8889668 | AC1149: =AD1149*(1+$BQ1149) -> 5.5002004 | AD1149: =AE1149*(1+$BQ1149) -> 5.1370988 | AE1149: =AF1149*(1+$BQ1149) -> 4.7979678 | AF1149: =AG1149*(1+$BQ1149) -> 4.4812249 | AG1149: =AH1149*(1+$BQ1149) -> 4.1853921 | ... AI1149: =AJ1149*(1+$BQ1149) -> 3.6510264 | AJ1149: 3.41 | AK1149: 4.48 | AL1149: 3.85 | AM1149: 4.01 | AN1149: 3.82 | AO1149: 3.61 | AP1149: 3.17 | AQ1149: 3.1 | AR1149: 3.11 | AS1149: 2.97 | AT1149: 2.79 | AU1149: 2.79 | AV1149: 2.93 | AW1149: 2.91 | AX1149: 2.83 | AY1149: 2.56 | AZ1149: 2.35 | BA1149: 2.27 | BB1149: 2.13 | BC1149: 1.79 | BD1149: 1.69 | BE1149: 1.68 | BF1149: 1.48 | BG1149: 1.5 | BH1149: 1.59 | BI1149: 1.5 | BJ1149: 1.43 | BK1149: 1.55 | BL1149: 2.1 | BM1149: 2.37 | BN1149: 2.5 | BO1149: N/A | BQ1149: =((AV1149/BF1149)^(1/(2010-2000)))-1 -> 0.070682219 | BR1149: =((AM1149/AV1149)^(1/(2019-2010)))-1 -> 0.035480349
A1150: SVK | B1150: Slovakia | C1150: =VLOOKUP(historical_emissions[[#This Row],[Country]],'Liste-Pays'!A:B,2,0) -> EEU | D1150: Climate Watch | E1150: Total including LUCF | F1150: CH4 | G1150: MtCO₂e | H1150: =I1150*(1+$BR1150) -> 1.8863417 | I1150: =J1150*(1+$BR1150) -> 1.9264256 | J1150: =K1150*(1+$BR1150) -> 1.9673612 | K1150: =L1150*(1+$BR1150) -> 2.0091667 | L1150: =M1150*(1+$BR1150) -> 2.0518605 | M1150: =N1150*(1+$BR1150) -> 2.0954615 | N1150: =O1150*(1+$BR1150) -> 2.139989 | O1150: =P1150*(1+$BR1150) -> 2.1854627 | ... Y1150: =Z1150*(1+$BR1150) -> 2.6968825 | Z1150: =AA1150*(1+$BQ1150) -> 2.7541899 | AA1150: =AB1150*(1+$BQ1150) -> 2.8128229 | AB1150: =AC1150*(1+$BQ1150) -> 2.8727041 | AC1150: =AD1150*(1+$BQ1150) -> 2.9338601 | AD1150: =AE1150*(1+$BQ1150) -> 2.996318 | AE1150: =AF1150*(1+$BQ1150) -> 3.0601055 | AF1150: =AG1150*(1+$BQ1150) -> 3.125251 | AG1150: =AH1150*(1+$BQ1150) -> 3.1917834 | ... AI1150: =AJ1150*(1+$BQ1150) -> 3.3291274 | AJ1150: 3.4 | AK1150: 3.53 | AL1150: 3.51 | AM1150: 3.6 | AN1150: 3.6 | AO1150: 3.75 | AP1150: 3.82 | AQ1150: 3.82 | AR1150: 3.87 | AS1150: 4.09 | AT1150: 4.08 | AU1150: 4.3 | AV1150: 4.35 | AW1150: 4.11 | AX1150: 4.27 | AY1150: 4.23 | AZ1150: 4.37 | BA1150: 4.57 | BB1150: 4.85 | BC1150: 4.9 | BD1150: 5.08 | BE1150: 5.2 | BF1150: 5.37 | BG1150: 5.69 | BH1150: 6.0 | BI1150: 6.16 | BJ1150: 6.35 | BK1150: 6.35 | BL1150: 6.59 | BM1150: 7.18 | BN1150: 7.78 | BO1150: 8.3 | BP1150: 8.58 | BQ1150: =((AV1150/BF1150)^(1/(2010-2000)))-1 -> -0.020844885 | BR1150: =((AM1150/AV1150)^(1/(2019-2010)))-1 -> -0.020807365
A1151: GUY | B1151: Guyana | C1151: =VLOOKUP(historical_emissions[[#This Row],[Country]],'Liste-Pays'!A:B,2,0) -> CSA | D1151: Climate Watch | E1151: Energy | F1151: CO2 | G1151: MtCO₂e | H1151: =I1151*(1+$BR1151) -> 8.0258389 | I1151: =J1151*(1+$BR1151) -> 7.6755212 | J1151: =K1151*(1+$BR1151) -> 7.3404944 | K1151: =L1151*(1+$BR1151) -> 7.0200911 | L1151: =M1151*(1+$BR1151) -> 6.713673 | M1151: =N1151*(1+$BR1151) -> 6.4206296 | N1151: =O1151*(1+$BR1151) -> 6.1403772 | O1151: =P1151*(1+$BR1151) -> 5.8723575 | ... Y1151: =Z1151*(1+$BR1151) -> 3.7582602 | Z1151: =AA1151*(1+$BQ1151) -> 3.5942169 | AA1151: =AB1151*(1+$BQ1151) -> 3.5732534 | AB1151: =AC1151*(1+$BQ1151) -> 3.5524123 | AC1151: =AD1151*(1+$BQ1151) -> 3.5316927 | AD1151: =AE1151*(1+$BQ1151) -> 3.5110939 | AE1151: =AF1151*(1+$BQ1151) -> 3.4906153 | AF1151: =AG1151*(1+$BQ1151) -> 3.4702561 | AG1151: =AH1151*(1+$BQ1151) -> 3.4500157 | ... AI1151: =AJ1151*(1+$BQ1151) -> 3.4098883 | AJ1151: 3.39 | AK1151: 3.09 | AL1151: 3.15 | AM1151: 2.63 | AN1151: 2.43 | AO1151: 2.32 | AP1151: 2.31 | AQ1151: 2.04 | AR1151: 2.06 | AS1151: 1.98 | AT1151: 2.0 | AU1151: 1.83 | AV1151: 1.76 | AW1151: 1.63 | AX1151: 1.6 | AY1151: 1.61 | AZ1151: 1.33 | BA1151: 1.48 | BB1151: 1.67 | BC1151: 1.62 | BD1151: 1.62 | BE1151: 1.64 | BF1151: 1.66 | BG1151: 1.74 | BH1151: 1.75 | BI1151: 1.72 | BJ1151: 1.58 | BK1151: 1.53 | BL1151: 1.41 | BM1151: 1.09 | BN1151: 1.08 | BO1151: 1.14 | BP1151: 1.17 | BQ1151: =((AV1151/BF1151)^(1/(2010-2000)))-1 -> 0.0058667631 | BR1151: =((AM1151/AV1151)^(1/(2019-2010)))-1 -> 0.045640906
A1152: BRA | B1152: Brazil | C1152: =VLOOKUP(historical_emissions[[#This Row],[Country]],'Liste-Pays'!A:B,2,0) -> CSA | D1152: Climate Watch | E1152: Other Fuel Combustion | F1152: CH4 | G1152: MtCO₂e | H1152: =I1152*(1+$BR1152) -> 8.1831835 | I1152: =J1152*(1+$BR1152) -> 7.9782508 | J1152: =K1152*(1+$BR1152) -> 7.7784502 | K1152: =L1152*(1+$BR1152) -> 7.5836532 | L1152: =M1152*(1+$BR1152) -> 7.3937346 | M1152: =N1152*(1+$BR1152) -> 7.2085722 | N1152: =O1152*(1+$BR1152) -> 7.0280468 | O1152: =P1152*(1+$BR1152) -> 6.8520423 | ... Y1152: =Z1152*(1+$BR1152) -> 5.3170893 | Z1152: =AA1152*(1+$BQ1152) -> 5.1839326 | AA1152: =AB1152*(1+$BQ1152) -> 4.9668962 | AB1152: =AC1152*(1+$BQ1152) -> 4.7589464 | AC1152: =AD1152*(1+$BQ1152) -> 4.559703 | AD1152: =AE1152*(1+$BQ1152) -> 4.3688012 | AE1152: =AF1152*(1+$BQ1152) -> 4.185892 | AF1152: =AG1152*(1+$BQ1152) -> 4.0106407 | AG1152: =AH1152*(1+$BQ1152) -> 3.8427267 | ... AI1152: =AJ1152*(1+$BQ1152) -> 3.5276945 | AJ1152: 3.38 | AK1152: 3.42 | AL1152: 3.46 | AM1152: 3.43 | AN1152: 3.3 | AO1152: 3.39 | AP1152: 2.84 | AQ1152: 3.04 | AR1152: 2.9 | AS1152: 2.86 | AT1152: 2.63 | AU1152: 2.65 | AV1152: 2.73 | AW1152: 2.61 | AX1152: 2.75 | AY1152: 2.55 | AZ1152: 2.43 | BA1152: 2.36 | BB1152: 2.31 | BC1152: 2.16 | BD1152: 1.95 | BE1152: 1.79 | BF1152: 1.78 | BG1152: 1.88 | BH1152: 1.93 | BI1152: 2.01 | BJ1152: 2.03 | BK1152: 2.04 | BL1152: 2.0 | BM1152: 2.03 | BN1152: 2.07 | BO1152: 2.27 | BP1152: 2.33 | BQ1152: =((AV1152/BF1152)^(1/(2010-2000)))-1 -> 0.04369659 | BR1152: =((AM1152/AV1152)^(1/(2019-2010)))-1 -> 0.025686426
A1153: ECU | B1153: Ecuador | C1153: =VLOOKUP(historical_emissions[[#This Row],[Country]],'Liste-Pays'!A:B,2,0) -> CSA | D1153: Climate Watch | E1153: Building | F1153: CO2 | G1153: MtCO₂e | H1153: =I1153*(1+$BR1153) -> 4.9093631 | I1153: =J1153*(1+$BR1153) -> 4.9198985 | J1153: =K1153*(1+$BR1153) -> 4.9304565 | K1153: =L1153*(1+$BR1153) -> 4.9410372 | L1153: =M1153*(1+$BR1153) -> 4.9516407 | M1153: =N1153*(1+$BR1153) -> 4.9622668 | N1153: =O1153*(1+$BR1153) -> 4.9729158 | O1153: =P1153*(1+$BR1153) -> 4.9835876 | ... Y1153: =Z1153*(1+$BR1153) -> 5.0915735 | Z1153: =AA1153*(1+$BQ1153) -> 5.1025 | AA1153: =AB1153*(1+$BQ1153) -> 4.8966198 | AB1153: =AC1153*(1+$BQ1153) -> 4.6990466 | AC1153: =AD1153*(1+$BQ1153) -> 4.5094453 | AD1153: =AE1153*(1+$BQ1153) -> 4.3274941 | AE1153: =AF1153*(1+$BQ1153) -> 4.1528845 | AF1153: =AG1153*(1+$BQ1153) -> 3.9853202 | AG1153: =AH1153*(1+$BQ1153) -> 3.824517 | ... AI1153: =AJ1153*(1+$BQ1153) -> 3.5221134 | AJ1153: 3.38 | AK1153: 3.16 | AL1153: 3.1 | AM1153: 3.08 | AN1153: 3.07 | AO1153: 3.61 | AP1153: 3.57 | AQ1153: 3.64 | AR1153: 3.62 | AS1153: 3.52 | AT1153: 3.41 | AU1153: 3.31 | AV1153: 3.14 | AW1153: 3.03 | AX1153: 2.93 | AY1153: 2.8 | AZ1153: 2.64 | BA1153: 2.53 | BB1153: 2.41 | BC1153: 2.31 | BD1153: 2.22 | BE1153: 2.16 | BF1153: 2.08 | BG1153: 1.9 | BH1153: 1.96 | BI1153: 1.94 | BJ1153: 1.8 | BK1153: 1.65 | BL1153: 1.46 | BM1153: 1.36 | BN1153: 1.36 | BO1153: 1.3 | BP1153: 1.28 | BQ1153: =((AV1153/BF1153)^(1/(2010-2000)))-1 -> 0.042045377 | BR1153: =((AM1153/AV1153)^(1/(2019-2010)))-1 -> -0.0021413932
A1154: PRT | B1154: Portugal | C1154: =VLOOKUP(historical_emissions[[#This Row],[Country]],'Liste-Pays'!A:B,2,0) -> WEU | D1154: Climate Watch | E1154: Industrial Processes | F1154: F-Gas | G1154: MtCO₂e | H1154: =I1154*(1+$BR1154) -> 44.714694 | I1154: =J1154*(1+$BR1154) -> 42.37385 | J1154: =K1154*(1+$BR1154) -> 40.155551 | K1154: =L1154*(1+$BR1154) -> 38.053381 | L1154: =M1154*(1+$BR1154) -> 36.061261 | M1154: =N1154*(1+$BR1154) -> 34.17343 | N1154: =O1154*(1+$BR1154) -> 32.384428 | O1154: =P1154*(1+$BR1154) -> 30.689082 | ... Y1154: =Z1154*(1+$BR1154) -> 17.925055 | Z1154: =AA1154*(1+$BQ1154) -> 16.986667 | AA1154: =AB1154*(1+$BQ1154) -> 14.454032 | AB1154: =AC1154*(1+$BQ1154) -> 12.299002 | AC1154: =AD1154*(1+$BQ1154) -> 10.465277 | AD1154: =AE1154*(1+$BQ1154) -> 8.9049519 | AE1154: =AF1154*(1+$BQ1154) -> 7.5772642 | AF1154: =AG1154*(1+$BQ1154) -> 6.4475287 | AG1154: =AH1154*(1+$BQ1154) -> 5.4862316 | ... AI1154: =AJ1154*(1+$BQ1154) -> 3.9722434 | AJ1154: 3.38 | AK1154: 3.26 | AL1154: 3.13 | AM1154: 3.18 | AN1154: 3.05 | AO1154: 2.94 | AP1154: 2.76 | AQ1154: 2.63 | AR1154: 2.5 | AS1154: 2.39 | AT1154: 2.24 | AU1154: 2.11 | AV1154: 1.96 | AW1154: 1.83 | AX1154: 1.65 | AY1154: 1.41 | AZ1154: 1.19 | BA1154: 1.02 | BB1154: 0.87 | BC1154: 0.75 | BD1154: 0.62 | BE1154: 0.49 | BF1154: 0.39 | BG1154: 0.31 | BH1154: 0.23 | BI1154: 0.17 | BJ1154: 0.11 | BK1154: 0.09 | BL1154: 0.08 | BM1154: 0.07 | BN1154: 0.06 | BO1154: 0.05 | BP1154: 0.03 | BQ1154: =((AV1154/BF1154)^(1/(2010-2000)))-1 -> 0.17521993 | BR1154: =((AM1154/AV1154)^(1/(2019-2010)))-1 -> 0.055242657
A1155: PRT | B1155: Portugal | C1155: =VLOOKUP(historical_emissions[[#This Row],[Country]],'Liste-Pays'!A:B,2,0) -> WEU | D1155: Climate Watch | E1155: Total including LUCF | F1155: F-Gas | G1155: MtCO₂e | H1155: =I1155*(1+$BR1155) -> 44.714694 | I1155: =J1155*(1+$BR1155) -> 42.37385 | J1155: =K1155*(1+$BR1155) -> 40.155551 | K1155: =L1155*(1+$BR1155) -> 38.053381 | L1155: =M1155*(1+$BR1155) -> 36.061261 | M1155: =N1155*(1+$BR1155) -> 34.17343 | N1155: =O1155*(1+$BR1155) -> 32.384428 | O1155: =P1155*(1+$BR1155) -> 30.689082 | ... Y1155: =Z1155*(1+$BR1155) -> 17.925055 | Z1155: =AA1155*(1+$BQ1155) -> 16.986667 | AA1155: =AB1155*(1+$BQ1155) -> 14.454032 | AB1155: =AC1155*(1+$BQ1155) -> 12.299002 | AC1155: =AD1155*(1+$BQ1155) -> 10.465277 | AD1155: =AE1155*(1+$BQ1155) -> 8.9049519 | AE1155: =AF1155*(1+$BQ1155) -> 7.5772642 | AF1155: =AG1155*(1+$BQ1155) -> 6.4475287 | AG1155: =AH1155*(1+$BQ1155) -> 5.4862316 | ... AI1155: =AJ1155*(1+$BQ1155) -> 3.9722434 | AJ1155: 3.38 | AK1155: 3.26 | AL1155: 3.13 | AM1155: 3.18 | AN1155: 3.05 | AO1155: 2.94 | AP1155: 2.76 | AQ1155: 2.63 | AR1155: 2.5 | AS1155: 2.39 | AT1155: 2.24 | AU1155: 2.11 | AV1155: 1.96 | AW1155: 1.83 | AX1155: 1.65 | AY1155: 1.41 | AZ1155: 1.19 | BA1155: 1.02 | BB1155: 0.87 | BC1155: 0.75 | BD1155: 0.62 | BE1155: 0.49 | BF1155: 0.39 | BG1155: 0.31 | BH1155: 0.23 | BI1155: 0.17 | BJ1155: 0.11 | BK1155: 0.09 | BL1155: 0.08 | BM1155: 0.07 | BN1155: 0.06 | BO1155: 0.05 | BP1155: 0.03 | BQ1155: =((AV1155/BF1155)^(1/(2010-2000)))-1 -> 0.17521993 | BR1155: =((AM1155/AV1155)^(1/(2019-2010)))-1 -> 0.055242657
A1156: RWA | B1156: Rwanda | C1156: =VLOOKUP(historical_emissions[[#This Row],[Country]],'Liste-Pays'!A:B,2,0) -> AFR | D1156: Climate Watch | E1156: Total including LUCF | F1156: CO2 | G1156: MtCO₂e | H1156: =I1156*(1+$BR1156) -> 2.6729295 | I1156: =J1156*(1+$BR1156) -> 2.699172 | J1156: =K1156*(1+$BR1156) -> 2.7256722 | K1156: =L1156*(1+$BR1156) -> 2.7524326 | L1156: =M1156*(1+$BR1156) -> 2.7794556 | M1156: =N1156*(1+$BR1156) -> 2.806744 | N1156: =O1156*(1+$BR1156) -> 2.8343003 | O1156: =P1156*(1+$BR1156) -> 2.8621272 | ... Y1156: =Z1156*(1+$BR1156) -> 3.1558731 | Z1156: =AA1156*(1+$BQ1156) -> 3.1868571 | AA1156: =AB1156*(1+$BQ1156) -> 3.205664 | AB1156: =AC1156*(1+$BQ1156) -> 3.2245819 | AC1156: =AD1156*(1+$BQ1156) -> 3.2436115 | AD1156: =AE1156*(1+$BQ1156) -> 3.2627533 | AE1156: =AF1156*(1+$BQ1156) -> 3.2820081 | AF1156: =AG1156*(1+$BQ1156) -> 3.3013765 | AG1156: =AH1156*(1+$BQ1156) -> 3.3208592 | ... AI1156: =AJ1156*(1+$BQ1156) -> 3.3601703 | AJ1156: 3.38 | AK1156: 2.9 | AL1156: 2.66 | AM1156: 2.72 | AN1156: 2.67 | AO1156: 2.53 | AP1156: 2.43 | AQ1156: 2.45 | AR1156: 2.29 | AS1156: 2.27 | AT1156: 2.18 | AU1156: 2.11 | AV1156: 2.97 | AW1156: 2.94 | AX1156: 2.92 | AY1156: 2.92 | AZ1156: 2.98 | BA1156: 2.98 | BB1156: 2.92 | BC1156: 2.95 | BD1156: 3.06 | BE1156: 2.95 | BF1156: 3.15 | BG1156: 2.99 | BH1156: 2.98 | BI1156: 2.98 | BJ1156: 2.96 | BK1156: 2.95 | BL1156: 2.94 | BM1156: 2.96 | BN1156: 2.96 | BO1156: 2.96 | BP1156: 3.01 | BQ1156: =((AV1156/BF1156)^(1/(2010-2000)))-1 -> -0.0058667729 | BR1156: =((AM1156/AV1156)^(1/(2019-2010)))-1 -> -0.0097224366
A1157: SRB | B1157: Serbia | C1157: =VLOOKUP(historical_emissions[[#This Row],[Country]],'Liste-Pays'!A:B,2,0) -> EEU | D1157: Climate Watch | E1157: Agriculture | F1157: CH4 | G1157: MtCO₂e | H1157: =I1157*(1+$BR1157) -> 2.0839584 | I1157: =J1157*(1+$BR1157) -> 2.1068376 | J1157: =K1157*(1+$BR1157) -> 2.129968 | K1157: =L1157*(1+$BR1157) -> 2.1533524 | L1157: =M1157*(1+$BR1157) -> 2.1769935 | M1157: =N1157*(1+$BR1157) -> 2.2008942 | N1157: =O1157*(1+$BR1157) -> 2.2250572 | O1157: =P1157*(1+$BR1157) -> 2.2494855 | ... Y1157: =Z1157*(1+$BR1157) -> 2.5090161 | Z1157: =AA1157*(1+$BQ1157) -> 2.5365619 | AA1157: =AB1157*(1+$BQ1157) -> 2.6104332 | AB1157: =AC1157*(1+$BQ1157) -> 2.6864559 | AC1157: =AD1157*(1+$BQ1157) -> 2.7646925 | AD1157: =AE1157*(1+$BQ1157) -> 2.8452076 | AE1157: =AF1157*(1+$BQ1157) -> 2.9280675 | AF1157: =AG1157*(1+$BQ1157) -> 3.0133405 | AG1157: =AH1157*(1+$BQ1157) -> 3.1010969 | ... AI1157: =AJ1157*(1+$BQ1157) -> 3.2843511 | AJ1157: 3.38 | AK1157: 3.57 | AL1157: 3.67 | AM1157: 3.68 | AN1157: 3.63 | AO1157: 3.7 | AP1157: 3.7 | AQ1157: 3.85 | AR1157: 3.9 | AS1157: 3.8 | AT1157: 3.89 | AU1157: 3.96 | AV1157: 4.06 | AW1157: 4.19 | AX1157: 4.41 | AY1157: 4.56 | AZ1157: 4.54 | BA1157: 4.39 | BB1157: 4.89 | BC1157: 4.93 | BD1157: 5.0 | BE1157: 5.12 | BF1157: 5.41 | BG1157: 6.22 | BH1157: 6.69 | BI1157: 6.8 | BJ1157: 6.88 | BK1157: 6.9 | BL1157: 6.56 | BM1157: 6.78 | BN1157: 6.82 | BO1157: 8.15 | BP1157: 8.43 | BQ1157: =((AV1157/BF1157)^(1/(2010-2000)))-1 -> -0.028298492 | BR1157: =((AM1157/AV1157)^(1/(2019-2010)))-1 -> -0.010859519
A1158: FRA | B1158: France | C1158: =VLOOKUP(historical_emissions[[#This Row],[Country]],'Liste-Pays'!A:B,2,0) -> WEU | D1158: Climate Watch | E1158: Energy | F1158: N2O | G1158: MtCO₂e | H1158: =I1158*(1+$BR1158) -> 3.4519449 | I1158: =J1158*(1+$BR1158) -> 3.4530749 | J1158: =K1158*(1+$BR1158) -> 3.4542052 | K1158: =L1158*(1+$BR1158) -> 3.4553358 | L1158: =M1158*(1+$BR1158) -> 3.4564669 | M1158: =N1158*(1+$BR1158) -> 3.4575983 | N1158: =O1158*(1+$BR1158) -> 3.4587301 | O1158: =P1158*(1+$BR1158) -> 3.4598622 | ... Y1158: =Z1158*(1+$BR1158) -> 3.4712042 | Z1158: =AA1158*(1+$BQ1158) -> 3.4723404 | AA1158: =AB1158*(1+$BQ1158) -> 3.4609394 | AB1158: =AC1158*(1+$BQ1158) -> 3.4495758 | AC1158: =AD1158*(1+$BQ1158) -> 3.4382495 | AD1158: =AE1158*(1+$BQ1158) -> 3.4269604 | AE1158: =AF1158*(1+$BQ1158) -> 3.4157084 | AF1158: =AG1158*(1+$BQ1158) -> 3.4044933 | AG1158: =AH1158*(1+$BQ1158) -> 3.393315 | ... AI1158: =AJ1158*(1+$BQ1158) -> 3.3710685 | AJ1158: 3.36 | AK1158: 3.29 | AL1158: 2.95 | AM1158: 3.39 | AN1158: 3.36 | AO1158: 3.44 | AP1158: 3.42 | AQ1158: 3.4 | AR1158: 3.33 | AS1158: 3.4 | AT1158: 3.38 | AU1158: 3.3 | AV1158: 3.4 | AW1158: 3.36 | AX1158: 3.36 | AY1158: 3.3 | AZ1158: 3.18 | BA1158: 3.25 | BB1158: 3.21 | BC1158: 3.21 | BD1158: 3.21 | BE1158: 3.26 | BF1158: 3.29 | BG1158: 3.28 | BH1158: 3.36 | BI1158: 3.25 | BJ1158: 3.28 | BK1158: 3.23 | BL1158: 3.18 | BM1158: 3.26 | BN1158: 3.34 | BO1158: 3.36 | BP1158: 3.2 | BQ1158: =((AV1158/BF1158)^(1/(2010-2000)))-1 -> 0.0032942007 | BR1158: =((AM1158/AV1158)^(1/(2019-2010)))-1 -> -0.00032722536
A1159: BLR | B1159: Belarus | C1159: =VLOOKUP(historical_emissions[[#This Row],[Country]],'Liste-Pays'!A:B,2,0) -> FSU | D1159: Climate Watch | E1159: Energy | F1159: CH4 | G1159: MtCO₂e | H1159: =I1159*(1+$BR1159) -> 3.1490033 | I1159: =J1159*(1+$BR1159) -> 3.1646823 | J1159: =K1159*(1+$BR1159) -> 3.1804394 | K1159: =L1159*(1+$BR1159) -> 3.1962749 | L1159: =M1159*(1+$BR1159) -> 3.2121893 | M1159: =N1159*(1+$BR1159) -> 3.228183 | N1159: =O1159*(1+$BR1159) -> 3.2442562 | O1159: =P1159*(1+$BR1159) -> 3.2604095 | ... Y1159: =Z1159*(1+$BR1159) -> 3.4264326 | Z1159: =AA1159*(1+$BQ1159) -> 3.443493 | AA1159: =AB1159*(1+$BQ1159) -> 3.433001 | AB1159: =AC1159*(1+$BQ1159) -> 3.4225409 | AC1159: =AD1159*(1+$BQ1159) -> 3.4121128 | AD1159: =AE1159*(1+$BQ1159) -> 3.4017164 | AE1159: =AF1159*(1+$BQ1159) -> 3.3913517 | AF1159: =AG1159*(1+$BQ1159) -> 3.3810186 | AG1159: =AH1159*(1+$BQ1159) -> 3.370717 | ... AI1159: =AJ1159*(1+$BQ1159) -> 3.3502078 | AJ1159: 3.34 | AK1159: 3.52 | AL1159: 3.56 | AM1159: 3.5 | AN1159: 3.48 | AO1159: 3.46 | AP1159: 3.31 | AQ1159: 3.36 | AR1159: 3.48 | AS1159: 3.46 | AT1159: 3.57 | AU1159: 3.53 | AV1159: 3.66 | AW1159: 3.48 | AX1159: 3.69 | AY1159: 3.66 | AZ1159: 3.76 | BA1159: 3.61 | BB1159: 3.63 | BC1159: 3.55 | BD1159: 3.53 | BE1159: 3.51 | BF1159: 3.55 | BG1159: 3.35 | BH1159: 3.33 | BI1159: 3.37 | BJ1159: 3.26 | BK1159: 3.23 | BL1159: 3.39 | BM1159: 3.57 | BN1159: 3.73 | BO1159: 3.77 | BP1159: 3.92 | BQ1159: =((AV1159/BF1159)^(1/(2010-2000)))-1 -> 0.0030562151 | BR1159: =((AM1159/AV1159)^(1/(2019-2010)))-1 -> -0.004954373
...

Sheet Liste-Pays
A1: Country or Area | B1: Region TIAM | E1: pas andorra
A2: Andorra | B2: WEU | E2: tuvalu
A3: Afghanistan | B3: ODA | E3: sudan==south sudan
A4: Albania | B4: EEU | E4: coree (democratic ou republic) | G4: oda nord
A5: Algeria | B5: AFR | E5: macedonia==north macedonia?
A6: Angola | B6: AFR
A7: Anguilla | B7: CSA
A8: Antigua and Barbuda | B8: CSA
A9: Argentina | B9: CSA
A10: Armenia | B10: FSU
A11: Aruba | B11: CSA-EXCLUDED
A12: Australia | B12: AUS
A13: Austria | B13: WEU | E13: changement UE
A14: Azerbaijan | B14: FSU
A15: Bahamas | B15: CSA
A16: Bahrain | B16: MEA
A17: Bangladesh | B17: ODA
A18: Barbados | B18: CSA
A19: Belarus | B19: FSU
A20: Belgium | B20: WEU
A21: Belize | B21: CSA
A22: Benin | B22: AFR
A23: Bermuda | B23: CSA
A24: Bhutan | B24: ODA
A25: Bolivia | B25: CSA
... A67: Ethiopia | B67: AFR
A68: Faeroe Islands
A69: Falkland Islands (Malvinas) | B69: CSA-EXCLUDED
A70: Fiji | B70: ODA
A71: Finland | B71: WEU
A72: France | B72: WEU
A73: French Guiana | B73: CSA
A74: French Polynesia | B74: ODA
A75: Gabon | B75: AFR
A76: Gambia | B76: AFR
A77: Georgia | B77: FSU
A78: Germany | B78: WEU
A79: Ghana | B79: AFR
A80: Gibraltar | B80: WEU
... A149: Norway | B149: WEU
A150: Occupied Palestinian Territory
A151: Oman | B151: MEA
A152: Pakistan | B152: ODA
A153: Palau | B153: ODA-EXCLUDED
A154: Panama | B154: CSA
A155: Papua New Guinea | B155: ODA
A156: Paraguay | B156: CSA
A157: Peru | B157: CSA
A158: Philippines | B158: ODA
A159: Poland | B159: EEU
A160: Portugal | B160: WEU
A161: Qatar | B161: MEA
A162: Moldova
A163: Reunion | B163: AFR
A164: Romania | B164: EEU
A165: Russia | B165: FSU
A166: Rwanda | B166: AFR
A167: Saint Helena | B167: AFR-EXCLUDED
A168: Saint Kitts and Nevis | B168: CSA
A169: Saint Lucia | B169: CSA
A170: Saint Pierre and Miquelon | B170: CSA-EXCLUDED
A171: Saint Vincent and the Grenadines | B171: CSA
A172: Samoa | B172: ODA
A173: São Tomé and Principe | B173: AFR
A174: Saudi Arabia | B174: MEA
... A196: Thailand | B196: ODA
A197: North Macedonia
A198: East Timor | B198: ODA
A199: Togo | B199: AFR
A200: Tonga | B200: ODA-EXCLUDED
A201: Trinidad and Tobago | B201: CSA
A202: Tunisia | B202: AFR
A203: Turkey | B203: MEA
A204: Turkmenistan | B204: FSU
A205: Tuvalu | B205: ODA
A206: Uganda | B206: AFR
A207: Ukraine | B207: FSU
A208: United Arab Emirates | B208: MEA
A209: United Kingdom | B209: WEU
A210: Tanzania
A211: United States | B211: USA
A212: Uruguay | B212: CSA
A213: Uzbekistan | B213: FSU
A214: Vanuatu | B214: ODA
A215: Venezuela | B215: CSA
A216: Vietnam | B216: ODA
A217: Wallis and Futuna Islands
A218: Western Sahara | B218: AFR-EXCLUDED
A219: Yemen | B219: MEA
A220: Zambia | B220: AFR
A221: Zimbabwe | B221: AFR
A222: European Union (27) | B222: UE
A223: Montenegro | B223: EEU
A224: World | B224: World

Sheet proj 1,5
A1: ISO | B1: Country | C1: région | D1: Data source | E1: Sector | F1: Gas | G1: Unit | H1: 2100 | I1: 2099 | J1: 2098 | K1: 2097 | L1: 2096 | M1: 2095 | N1: 2094 | O1: 2093 | P1: 2092 | Q1: 2091 | R1: 2090 | S1: 2089 | T1: 2088 | U1: 2087 | V1: 2086 | W1: 2085 | X1: 2084 | Y1: 2083 | Z1: 2082 | AA1: 2081 | AB1: 2080 | AC1: 2079 | AD1: 2078 | AE1: 2077 | AF1: 2076 | AG1: 2075 | AH1: 2074 | AI1: 2073 | AJ1: 2072 | AK1: 2071 | AL1: 2070 | AM1: 2069 | AN1: 2068 | AO1: 2067 | AP1: 2066 | AQ1: 2065 | AR1: 2064 | AS1: 2063 | AT1: 2062 | AU1: 2061 | AV1: 2060 | AW1: 2059 | AX1: 2058 | AY1: 2057 | AZ1: 2056 | BA1: 2055 | BB1: 2054 | BC1: 2053 | BD1: 2052 | BE1: 2051 | BF1: 2050 | BG1: 2049 | BH1: 2048 | BI1: 2047 | BJ1: 2046 | BK1: 2045 | BL1: 2044 | BM1: 2043 | BN1: 2042 | BO1: 2041 | BP1: 2040 | BQ1: 2039 | BR1: 2038 | BS1: 2037 | BT1: 2036 | BU1: 2035 | BV1: 2034 | BW1: 2033 | BX1: 2032 | BY1: 2031 | BZ1: 2030 | CA1: 2029 | CB1: 2028 | CC1: 2027 | CD1: 2026 | CE1: 2025 | CF1: 2024 | CG1: 2023 | CH1: 2022 | CI1: 2021 | CJ1: 2020 | CK1: 2019 | CL1: 2018 | CM1: 2017 | CN1: 2016 | CO1: 2015 | CP1: 2014 | CQ1: 2013 | CR1: 2012 | CS1: 2011 | CT1: 2010 | CU1: 2009 | CV1: 2008 | CW1: 2007 | CX1: 2006 | CY1: 2005 | CZ1: 2004 | DA1: 2003 | DB1: 2002 | DC1: 2001 | DD1: 2000 | DE1: 1999 | DF1: 1998 | DG1: 1997 | DH1: 1996 | DI1: 1995 | DJ1: 1994 | DK1: 1993 | DL1: 1992 | DM1: 1991 | DN1: 1990 | DO1: taux pour 1,5 | DP1: taux avant changement
A2: IND | B2: India | C2: =VLOOKUP(B:B,'Liste-Pays'!A:B,2,0) -> IND | D2: Climate Watch | E2: Total including LUCF | F2: All GHG | G2: MtCO₂e | H2: =I2*(1+$DO$2) -> 126.06458 | I2: =J2*(1+$DO$2) -> 135.55331 | J2: =K2*(1+$DO$2) -> 145.75625 | K2: =L2*(1+$DO$2) -> 156.72715 | L2: =M2*(1+$DO$2) -> 168.52382 | M2: =N2*(1+$DO$2) -> 181.20841 | N2: =O2*(1+$DO$2) -> 194.84775 | O2: =P2*(1+$DO$2) -> 209.51371 | ... BK2: =BL2*(1+$DO$2) -> 6823.8726 | BL2: =BM2*(1+$DP$2) -> 7337.4974 | BM2: =BN2*(1+$DP$2) -> 7121.7182 | BN2: =BO2*(1+$DP$2) -> 6912.2846 | BO2: =BP2*(1+$DP$2) -> 6709.0099 | BP2: =BQ2*(1+$DP$2) -> 6511.7131 | BQ2: =BR2*(1+$DP$2) -> 6320.2183 | BR2: =BS2*(1+$DP$2) -> 6134.355 | BS2: =BT2*(1+$DP$2) -> 5953.9575 | ... CG2: =CH2*(1+$DP$2) -> 3920.3177 | CH2: 3805.03 | CI2: 3584.74 | CJ2: 3326.2 | CK2: 3507.03 | CL2: 3506.66 | CM2: 3367.94 | CN2: 3247.88 | CO2: 3179 | CP2: 3134.57 | CQ2: 2947.22 | CR2: 2884.2 | CS2: 2729.53 | CT2: 2680.84 | CU2: 2564.09 | CV2: 2450.97 | CW2: 2335.8 | CX2: 2188.97 | CY2: 2090.59 | CZ2: 2019.2 | DA2: 1929.69 | DB2: 1885.83 | DC2: 1867.02 | DD2: 1620.92 | DE2: 1580.92 | DF2: 1499.21 | DG2: 1470.03 | DH2: 1410.07 | DI2: 1361.15 | DJ2: 1293.11 | DK2: 1244.03 | DL2: 1208.14 | DM2: 1181.45 | DN2: 1126.56 | DO2: =-0.07 -> -0.07 | DP2: =((CK2/CT2)^(1/(2019-2010)))-1 -> 0.030298758
A3: CHN | B3: China | C3: =VLOOKUP(B:B,'Liste-Pays'!A:B,2,0) -> CHI | D3: Climate Watch | E3: Total including LUCF | F3: All GHG | G3: MtCO₂e | H3: =I3*(1+$DO$3) -> 59.443976 | I3: =J3*(1+$DO$3) -> 63.918254 | J3: =K3*(1+$DO$3) -> 68.729305 | K3: =L3*(1+$DO$3) -> 73.902479 | L3: =M3*(1+$DO$3) -> 79.465031 | M3: =N3*(1+$DO$3) -> 85.44627 | N3: =O3*(1+$DO$3) -> 91.87771 | O3: =P3*(1+$DO$3) -> 98.793236 | ... CD3: =CE3*(1+$DO$3) -> 12775.257 | CE3: =CF3*(1+$DP$3) -> 13736.836 | CF3: =CG3*(1+$DP$3) -> 13435.265 | CG3: =CH3*(1+$DP$3) -> 13140.315 | CH3: 12851.84 | CI3: 12852.14 | CJ3: 12263.69 | CK3: 12109.18 | CL3: 11868.7 | CM3: 11376.55 | CN3: 11135.02 | CO3: 11085.85 | CP3: 11237.61 | CQ3: 11175.26 | CR3: 10693.51 | CS3: 10408.9 | CT3: 9916.32 | CU3: 9095.23 | CV3: 8533.37 | CW3: 8289.28 | CX3: 7701.68 | CY3: 7038.18 | CZ3: 6269.19 | DA3: 5512.24 | DB3: 4849.11 | DC3: 4557.76 | DD3: 4362.72 | DE3: 4195.59 | DF3: 4262.67 | DG3: 4154.19 | DH3: 4164.03 | DI3: 4148.03 | DJ3: 3751.23 | DK3: 3581.08 | DL3: 3338.53 | DM3: 3196.9 | DN3: 3049.87 | DO3: =-0.07 -> -0.07 | DP3: =((CK3/CT3)^(1/(2019-2010)))-1 -> 0.022446204
A4: EUU | B4: European Union (27) | C4: =VLOOKUP(B:B,'Liste-Pays'!A:B,2,0) -> UE | D4: Climate Watch | E4: Total including LUCF | F4: All GHG | G4: MtCO₂e | H4: =I4*(1+$DO$4) -> 6.5147478 | I4: =J4*(1+$DO$4) -> 7.0812476 | J4: =K4*(1+$DO$4) -> 7.6970083 | K4: =L4*(1+$DO$4) -> 8.3663133 | L4: =M4*(1+$DO$4) -> 9.0938188 | M4: =N4*(1+$DO$4) -> 9.8845857 | N4: =O4*(1+$DO$4) -> 10.744115 | O4: =P4*(1+$DO$4) -> 11.678386 | ... CB4: =CC4*(1+$DO$4) -> 2637.3881 | CC4: =CD4*(1+$DP$4) -> 2866.7262 | CD4: =CE4*(1+$DP$4) -> 2910.3772 | CE4: =CF4*(1+$DP$4) -> 2954.6929 | CF4: =CG4*(1+$DP$4) -> 2999.6834 | CG4: =CH4*(1+$DP$4) -> 3045.359 | CH4: 3091.73 | CI4: 3163.69 | CJ4: 2991.23 | CK4: 3268.76 | CL4: 3415.33 | CM4: 3495.29 | CN4: 3475.28 | CO4: 3129.91 | CP4: 3076.61 | CQ4: 3226.03 | CR4: 3310.47 | CS4: 3372.68 | CT4: 3744.99 | CU4: 3665.25 | CV4: 3933.46 | CW4: 4026.61 | CX4: 4065.96 | CY4: 4067.05 | CZ4: 4093.77 | DA4: 4095.91 | DB4: 4006.55 | DC4: 4023.71 | DD4: 4023.22 | DE4: 4023.54 | DF4: 4103.19 | DG4: 4145.7 | DH4: 4224.2 | DI4: 4118.29 | DJ4: 4065.89 | DK4: 4078.23 | DL4: 4156.92 | DM4: 4299.63 | DN4: 4369.28 | DO4: =-0.08 -> -0.08 | DP4: =((CK4/CT4)^(1/(2019-2010)))-1 -> -0.014998413
A5: USA | B5: United States | C5: =VLOOKUP(B:B,'Liste-Pays'!A:B,2,0) -> USA | D5: Climate Watch | E5: Total including LUCF | F5: All GHG | G5: MtCO₂e | H5: =I5*(1+$DO$5) -> 0.27965742 | I5: =J5*(1+$DO$5) -> 0.32144532 | J5: =K5*(1+$DO$5) -> 0.36947737 | K5: =L5*(1+$DO$5) -> 0.42468664 | L5: =M5*(1+$DO$5) -> 0.48814556 | M5: =N5*(1+$DO$5) -> 0.56108685 | N5: =O5*(1+$DO$5) -> 0.64492741 | O5: =P5*(1+$DO$5) -> 0.74129588 | ... BZ5: =CA5*(1+$DO$5) -> 4789.3731 | CA5: =CB5*(1+$DP$5) -> 5505.0265 | CB5: =CC5*(1+$DP$5) -> 5528.4182 | CC5: =CD5*(1+$DP$5) -> 5551.9092 | CD5: =CE5*(1+$DP$5) -> 5575.5 | CE5: =CF5*(1+$DP$5) -> 5599.1911 | CF5: =CG5*(1+$DP$5) -> 5622.9828 | CG5: =CH5*(1+$DP$5) -> 5646.8756 | CH5: 5670.87 | CI5: 5591.52 | CJ5: 5305.85 | CK5: 5851.35 | CL5: 5972.88 | CM5: 5755.15 | CN5: 5804.37 | CO5: 5735.74 | CP5: 5845.56 | CQ5: 5795.2 | CR5: 5650.45 | CS5: 5861.49 | CT5: 6078.96 | CU5: 5807.83 | CV5: 6225.53 | CW5: 6408.93 | CX5: 6305.71 | CY5: 6395.62 | CZ5: 6375.2 | DA5: 6292.14 | DB5: 6224.85 | DC5: 6378.39 | DD5: 6413.36 | DE5: 6251.79 | DF5: 6252.24 | DG5: 6206.91 | DH5: 5947.73 | DI5: 5777.03 | DJ5: 5709.34 | DK5: 5615.49 | DL5: 5506.44 | DM5: 5424.7 | DN5: 5472.89 | DO5: =-13/100 -> -0.13 | DP5: =((CK5/CT5)^(1/(2019-2010)))-1 -> -0.0042311594
A6: 1 | B6: Autres pays dév | C6: autres pays dev | D6: Climate Watch | E6: Total including LUCF | F6: All GHG | G6: MtCO₂e | H6: =I6*(1+$DO$6) -> 2.534671 | I6: =J6*(1+$DO$6) -> 2.8163011 | J6: =K6*(1+$DO$6) -> 3.1292235 | K6: =L6*(1+$DO$6) -> 3.4769149 | L6: =M6*(1+$DO$6) -> 3.8632388 | M6: =N6*(1+$DO$6) -> 4.2924876 | N6: =O6*(1+$DO$6) -> 4.7694307 | O6: =P6*(1+$DO$6) -> 5.2993674 | ... CB6: =CC6*(1+$DO$6) -> 4994.1423 | CC6: =CD6*(1+$DP$6) -> 5549.047 | CD6: =CE6*(1+$DP$6) -> 5539.1544 | CE6: =CF6*(1+$DP$6) -> 5529.2794 | CF6: =CG6*(1+$DP$6) -> 5519.4221 | CG6: =CH6*(1+$DP$6) -> 5509.5823 | CH6: =SUMIF('tout secteur all ghg'!$D:$D,1,'tout secteur all ghg'!I:I) -> 5499.76 | CI6: =SUMIF('tout secteur all ghg'!$D:$D,1,'tout secteur all ghg'!J:J) -> 5610.42 | CJ6: =SUMIF('tout secteur all ghg'!$D:$D,1,'tout secteur all ghg'!K:K) -> 5362.13 | CK6: =SUMIF('tout secteur all ghg'!$D:$D,1,'tout secteur all ghg'!L:L) -> 5701.5 | CL6: =SUMIF('tout secteur all ghg'!$D:$D,1,'tout secteur all ghg'!M:M) -> 5792.85 | CM6: =SUMIF('tout secteur all ghg'!$D:$D,1,'tout secteur all ghg'!N:N) -> 5707.36 | CN6: =SUMIF('tout secteur all ghg'!$D:$D,1,'tout secteur all ghg'!O:O) -> 5595.19 | CO6: =SUMIF('tout secteur all ghg'!$D:$D,1,'tout secteur all ghg'!P:P) -> 5569.96 | CP6: =SUMIF('tout secteur all ghg'!$D:$D,1,'tout secteur all ghg'!Q:Q) -> 5639.38 | CQ6: =SUMIF('tout secteur all ghg'!$D:$D,1,'tout secteur all ghg'!R:R) -> 5725.37 | CR6: =SUMIF('tout secteur all ghg'!$D:$D,1,'tout secteur all ghg'!S:S) -> 5836.81 | CS6: =SUMIF('tout secteur all ghg'!$D:$D,1,'tout secteur all ghg'!T:T) -> 5778.16 | CT6: =SUMIF('tout secteur all ghg'!$D:$D,1,'tout secteur all ghg'!U:U) -> 5610.67 | CU6: =SUMIF('tout secteur all ghg'!$D:$D,1,'tout secteur all ghg'!V:V) -> 5393.85 | CV6: =SUMIF('tout secteur all ghg'!$D:$D,1,'tout secteur all ghg'!W:W) -> 5653.99 | CW6: =SUMIF('tout secteur all ghg'!$D:$D,1,'tout secteur all ghg'!X:X) -> 5782.44 | CX6: =SUMIF('tout secteur all ghg'!$D:$D,1,'tout secteur all ghg'!Y:Y) -> 5707.97 | CY6: =SUMIF('tout secteur all ghg'!$D:$D,1,'tout secteur all ghg'!Z:Z) -> 5652.1 | CZ6: =SUMIF('tout secteur all ghg'!$D:$D,1,'tout secteur all ghg'!AA:AA) -> 5651.86 | DA6: =SUMIF('tout secteur all ghg'!$D:$D,1,'tout secteur all ghg'!AB:AB) -> 5613.2 | DB6: =SUMIF('tout secteur all ghg'!$D:$D,1,'tout secteur all ghg'!AC:AC) -> 5562.67 | DC6: =SUMIF('tout secteur all ghg'!$D:$D,1,'tout secteur all ghg'!AD:AD) -> 5521.45 | DD6: =SUMIF('tout secteur all ghg'!$D:$D,1,'tout secteur all ghg'!AE:AE) -> 5718.89 | DE6: =SUMIF('tout secteur all ghg'!$D:$D,1,'tout secteur all ghg'!AF:AF) -> 5579.53 | DF6: =SUMIF('tout secteur all ghg'!$D:$D,1,'tout secteur all ghg'!AG:AG) -> 5471.4 | DG6: =SUMIF('tout secteur all ghg'!$D:$D,1,'tout secteur all ghg'!AH:AH) -> 5544.46 | DH6: =SUMIF('tout secteur all ghg'!$D:$D,1,'tout secteur all ghg'!AI:AI) -> 5676.53 | DI6: =SUMIF('tout secteur all ghg'!$D:$D,1,'tout secteur all ghg'!AJ:AJ) -> 5636.03 | DJ6: =SUMIF('tout secteur all ghg'!$D:$D,1,'tout secteur all ghg'!AK:AK) -> 5644.56 | DK6: =SUMIF('tout secteur all ghg'!$D:$D,1,'tout secteur all ghg'!AL:AL) -> 5767 | DL6: =SUMIF('tout secteur all ghg'!$D:$D,1,'tout secteur all ghg'!AM:AM) -> 5956.26 | DM6: =SUMIF('tout secteur all ghg'!$D:$D,1,'tout secteur all ghg'!AN:AN) -> 6087.88 | DN6: =SUMIF('tout secteur all ghg'!$D:$D,1,'tout secteur all ghg'!AO:AO) -> 6104.28 | DO6: =-0.1 -> -0.1 | DP6: =((CK6/CT6)^(1/(2019-2010)))-1 -> 0.0017859436
A7: 2 | B7: Autres pays en dév | C7: autres pays en dv | D7: Climate Watch | E7: Total including LUCF | F7: All GHG | G7: MtCO₂e | H7: =I7*(1+$DO$7) -> 716.33906 | I7: =J7*(1+$DO$7) -> 770.25705 | J7: =K7*(1+$DO$7) -> 828.23339 | K7: =L7*(1+$DO$7) -> 890.57353 | L7: =M7*(1+$DO$7) -> 957.60595 | M7: =N7*(1+$DO$7) -> 1029.6838 | N7: =O7*(1+$DO$7) -> 1107.1869 | O7: =P7*(1+$DO$7) -> 1190.5236 | ... BK7: =BL7*(1+$DO$7) -> 38775.416 | BL7: =BM7*(1+$DP$7) -> 41693.995 | BM7: =BN7*(1+$DP$7) -> 41001.439 | BN7: =BO7*(1+$DP$7) -> 40320.387 | BO7: =BP7*(1+$DP$7) -> 39650.648 | BP7: =BQ7*(1+$DP$7) -> 38992.033 | BQ7: =BR7*(1+$DP$7) -> 38344.358 | BR7: =BS7*(1+$DP$7) -> 37707.441 | BS7: =BT7*(1+$DP$7) -> 37081.103 | ... CG7: =CH7*(1+$DP$7) -> 29329.923 | CH7: =SUMIF('tout secteur all ghg'!$D:$D,2,'tout secteur all ghg'!I:I) -> 28842.74 | CI7: =SUMIF('tout secteur all ghg'!$D:$D,2,'tout secteur all ghg'!J:J) -> 28559.04 | CJ7: =SUMIF('tout secteur all ghg'!$D:$D,2,'tout secteur all ghg'!K:K) -> 27603.11 | CK7: =SUMIF('tout secteur all ghg'!$D:$D,2,'tout secteur all ghg'!L:L) -> 28148.26 | CL7: =SUMIF('tout secteur all ghg'!$D:$D,2,'tout secteur all ghg'!M:M) -> 27407.73 | CM7: =SUMIF('tout secteur all ghg'!$D:$D,2,'tout secteur all ghg'!N:N) -> 26714.79 | CN7: =SUMIF('tout secteur all ghg'!$D:$D,2,'tout secteur all ghg'!O:O) -> 26306.3 | CO7: =SUMIF('tout secteur all ghg'!$D:$D,2,'tout secteur all ghg'!P:P) -> 26403.35 | CP7: =SUMIF('tout secteur all ghg'!$D:$D,2,'tout secteur all ghg'!Q:Q) -> 26417.17 | CQ7: =SUMIF('tout secteur all ghg'!$D:$D,2,'tout secteur all ghg'!R:R) -> 25741.23 | CR7: =SUMIF('tout secteur all ghg'!$D:$D,2,'tout secteur all ghg'!S:S) -> 25139.23 | CS7: =SUMIF('tout secteur all ghg'!$D:$D,2,'tout secteur all ghg'!T:T) -> 24546.07 | CT7: =SUMIF('tout secteur all ghg'!$D:$D,2,'tout secteur all ghg'!U:U) -> 24209.28 | CU7: =SUMIF('tout secteur all ghg'!$D:$D,2,'tout secteur all ghg'!V:V) -> 23252.01 | CV7: =SUMIF('tout secteur all ghg'!$D:$D,2,'tout secteur all ghg'!W:W) -> 22287.44 | CW7: =SUMIF('tout secteur all ghg'!$D:$D,2,'tout secteur all ghg'!X:X) -> 21797.6 | CX7: =SUMIF('tout secteur all ghg'!$D:$D,2,'tout secteur all ghg'!Y:Y) -> 21457.94 | CY7: =SUMIF('tout secteur all ghg'!$D:$D,2,'tout secteur all ghg'!Z:Z) -> 20176.46 | CZ7: =SUMIF('tout secteur all ghg'!$D:$D,2,'tout secteur all ghg'!AA:AA) -> 19375.45 | DA7: =SUMIF('tout secteur all ghg'!$D:$D,2,'tout secteur all ghg'!AB:AB) -> 17863.23 | DB7: =SUMIF('tout secteur all ghg'!$D:$D,2,'tout secteur all ghg'!AC:AC) -> 17227.52 | DC7: =SUMIF('tout secteur all ghg'!$D:$D,2,'tout secteur all ghg'!AD:AD) -> 16251.27 | DD7: =SUMIF('tout secteur all ghg'!$D:$D,2,'tout secteur all ghg'!AE:AE) -> 16114.2 | DE7: =SUMIF('tout secteur all ghg'!$D:$D,2,'tout secteur all ghg'!AF:AF) -> 15877.37 | DF7: =SUMIF('tout secteur all ghg'!$D:$D,2,'tout secteur all ghg'!AG:AG) -> 16049.43 | DG7: =SUMIF('tout secteur all ghg'!$D:$D,2,'tout secteur all ghg'!AH:AH) -> 16546.09 | DH7: =SUMIF('tout secteur all ghg'!$D:$D,2,'tout secteur all ghg'!AI:AI) -> 15278.15 | DI7: =SUMIF('tout secteur all ghg'!$D:$D,2,'tout secteur all ghg'!AJ:AJ) -> 15211.02 | DJ7: =SUMIF('tout secteur all ghg'!$D:$D,2,'tout secteur all ghg'!AK:AK) -> 14568.5 | DK7: =SUMIF('tout secteur all ghg'!$D:$D,2,'tout secteur all ghg'!AL:AL) -> 14131.61 | DL7: =SUMIF('tout secteur all ghg'!$D:$D,2,'tout secteur all ghg'!AM:AM) -> 13650.77 | DM7: =SUMIF('tout secteur all ghg'!$D:$D,2,'tout secteur all ghg'!AN:AN) -> 13272.4 | DN7: =SUMIF('tout secteur all ghg'!$D:$D,2,'tout secteur all ghg'!AO:AO) -> 12942.48 | DO7: =-7/100 -> -0.07 | DP7: =((CK7/CT7)^(1/(2019-2010)))-1 -> 0.016891012

Sheet tout secteur all ghg
A1: ISO | B1: Country | C1: région | D1: dev country | E1: Data source | F1: Sector | G1: Gas | H1: Unit | I1: 2022 | J1: 2021 | K1: 2020 | L1: 2019 | M1: 2018 | N1: 2017 | O1: 2016 | P1: 2015 | Q1: 2014 | R1: 2013 | S1: 2012 | T1: 2011 | U1: 2010 | V1: 2009 | W1: 2008 | X1: 2007 | Y1: 2006 | Z1: 2005 | AA1: 2004 | AB1: 2003 | AC1: 2002 | AD1: 2001 | AE1: 2000 | AF1: 1999 | AG1: 1998 | AH1: 1997 | AI1: 1996 | AJ1: 1995 | AK1: 1994 | AL1: 1993 | AM1: 1992 | AN1: 1991 | AO1: 1990
A2: ERI | B2: Eritrea | C2: =VLOOKUP(B:B,'Liste-Pays'!A:B,2,0) -> AFR | E2: Climate Watch | F2: Total including LUCF | G2: All GHG | H2: MtCO₂e | I2: 7.03 | J2: 6.94 | K2: 6.88 | L2: 6.84 | M2: 6.79 | N2: 6.66 | O2: 6.61 | P2: 6.48 | Q2: 6.46 | R2: 6.42 | S2: 6.4 | T2: 6.34 | U2: 6.09 | V2: 6.16 | W2: 6.1 | X2: 6.15 | Y2: 5.84 | Z2: 6.04 | AA2: 6.05 | AB2: 6.1 | AC2: 5.94 | AD2: 5.98 | AE2: 6.26 | AF2: 6.14 | AG2: 5.96 | AH2: 6.15 | AI2: 5.64 | AJ2: 5.07 | AK2: 4.93 | AL2: 4.75 | AM2: 5.18 | AN2: 4.11 | AO2: 4.11
A3: TZA | B3: Tanzania | C3: =VLOOKUP(B:B,'Liste-Pays'!A:B,2,0) -> AFR | E3: Climate Watch | F3: Total including LUCF | G3: All GHG | H3: MtCO₂e | I3: 179.23 | J3: 179.41 | K3: 174.96 | L3: 172.86 | M3: 167.17 | N3: 168.41 | O3: 169.32 | P3: 155.7 | Q3: 147.88 | R3: 147.37 | S3: 146.16 | T3: 141.75 | U3: 139.26 | V3: 135.17 | W3: 133.13 | X3: 129.78 | Y3: 127.67 | Z3: 133.38 | AA3: 125.84 | AB3: 126.71 | AC3: 117.56 | AD3: 110.68 | AE3: 105.05 | AF3: 107.25 | AG3: 106.77 | AH3: 102.04 | AI3: 102.24 | AJ3: 109.39 | AK3: 104.87 | AL3: 102.85 | AM3: 101.9 | AN3: 101.71 | AO3: 101.35
A4: COD | B4: Democratic Republic of the Congo | C4: =VLOOKUP(B:B,'Liste-Pays'!A:B,2,0) -> AFR | D4: 2 | E4: Climate Watch | F4: Total including LUCF | G4: All GHG | H4: MtCO₂e | I4: 707.61 | J4: 708.5 | K4: 707 | L4: 704.15 | M4: 698.79 | N4: 706.52 | O4: 701.48 | P4: 700.97 | Q4: 697.16 | R4: 697.06 | S4: 693.05 | T4: 700.89 | U4: 464.57 | V4: 460.15 | W4: 459.77 | X4: 453.61 | Y4: 461.12 | Z4: 458.84 | AA4: 458.54 | AB4: 454.14 | AC4: 446.04 | AD4: 431.07 | AE4: 435.17 | AF4: 439.04 | AG4: 447.1 | AH4: 444.96 | AI4: 437.71 | AJ4: 445.5 | AK4: 445.24 | AL4: 442.62 | AM4: 439.7 | AN4: 437.51 | AO4: 438.96
A5: ZAF | B5: South Africa | C5: =VLOOKUP(B:B,'Liste-Pays'!A:B,2,0) -> AFR | D5: 2 | E5: Climate Watch | F5: Total including LUCF | G5: All GHG | H5: MtCO₂e | I5: 499.16 | J5: 517.59 | K5: 525.06 | L5: 548.06 | M5: 543.12 | N5: 538.71 | O5: 526.26 | P5: 529.01 | Q5: 555.04 | R5: 543.02 | S5: 531.54 | T5: 510.63 | U5: 549.13 | V5: 526.18 | W5: 549.03 | X5: 517.89 | Y5: 496.43 | Z5: 494.28 | AA5: 494.66 | AB5: 465.39 | AC5: 442.61 | AD5: 426.53 | AE5: 395.36 | AF5: 397.06 | AG5: 418.31 | AH5: 409.97 | AI5: 392.73 | AJ5: 379.18 | AK5: 365.63 | AL5: 358.84 | AM5: 348.01 | AN5: 351.87 | AO5: 355.84
A6: NGA | B6: Nigeria | C6: =VLOOKUP(B:B,'Liste-Pays'!A:B,2,0) -> AFR | D6: 2 | E6: Climate Watch | F6: Total including LUCF | G6: All GHG | H6: MtCO₂e | I6: 353.74 | J6: 362.14 | K6: 356.46 | L6: 364.33 | M6: 353.47 | N6: 345.38 | O6: 348.73 | P6: 346.77 | Q6: 352.79 | R6: 343.18 | S6: 333.67 | T6: 332.06 | U6: 325.08 | V6: 296.05 | W6: 308.94 | X6: 306.38 | Y6: 318.68 | Z6: 332.72 | AA6: 328.93 | AB6: 325.24 | AC6: 301.81 | AD6: 324.43 | AE6: 328.97 | AF6: 315.57 | AG6: 331.29 | AH6: 352.09 | AI6: 361.42 | AJ6: 329.89 | AK6: 325.67 | AL6: 330.96 | AM6: 333.31 | AN6: 315.4 | AO6: 297.99
A7: EGY | B7: Egypt | C7: =VLOOKUP(B:B,'Liste-Pays'!A:B,2,0) -> AFR | D7: 2 | E7: Climate Watch | F7: Total including LUCF | G7: All GHG | H7: MtCO₂e | I7: 345.75 | J7: 345.96 | K7: 325.48 | L7: 316.6 | M7: 340.42 | N7: 346.97 | O7: 335.86 | P7: 326.01 | Q7: 315.65 | R7: 308.61 | S7: 306.07 | T7: 296.6 | U7: 288.45 | V7: 287.58 | W7: 279.62 | X7: 272.66 | Y7: 255.88 | Z7: 244.59 | AA7: 225.44 | AB7: 212.97 | AC7: 207.08 | AD7: 200.71 | AE7: 188.06 | AF7: 188.65 | AG7: 179.54 | AH7: 173.79 | AI7: 165.02 | AJ7: 157.59 | AK7: 148.22 | AL7: 151.1 | AM7: 144.28 | AN7: 141.8 | AO7: 136.26
A8: DZA | B8: Algeria | C8: =VLOOKUP(B:B,'Liste-Pays'!A:B,2,0) -> AFR | D8: 2 | E8: Climate Watch | F8: Total including LUCF | G8: All GHG | H8: MtCO₂e | I8: 306.28 | J8: 292.21 | K8: 285.14 | L8: 299.04 | M8: 291.29 | N8: 282.31 | O8: 276.88 | P8: 276.92 | Q8: 267.46 | R8: 255.07 | S8: 249.85 | T8: 231.24 | U8: 224.71 | V8: 219.66 | W8: 218.19 | X8: 213.17 | Y8: 209.42 | Z8: 202.35 | AA8: 194.62 | AB8: 190 | AC8: 174.18 | AD8: 166.65 | AE8: 172.02 | AF8: 164.32 | AG8: 160.33 | AH8: 158.41 | AI8: 159.38 | AJ8: 154.67 | AK8: 148.05 | AL8: 144.45 | AM8: 134.28 | AN8: 132.01 | AO8: 128.37
A9: ETH | B9: Ethiopia | C9: =VLOOKUP(B:B,'Liste-Pays'!A:B,2,0) -> AFR | D9: 2 | E9: Climate Watch | F9: Total including LUCF | G9: All GHG | H9: MtCO₂e | I9: 215 | J9: 213.94 | K9: 219.58 | L9: 211.43 | M9: 199.49 | N9: 196.61 | O9: 194.33 | P9: 188.36 | Q9: 185.31 | R9: 179.54 | S9: 174.53 | T9: 168.12 | U9: 167.11 | V9: 161.28 | W9: 156.57 | X9: 151.94 | Y9: 140.77 | Z9: 134.83 | AA9: 130.71 | AB9: 128 | AC9: 129.01 | AD9: 120.31 | AE9: 112.82 | AF9: 116.11 | AG9: 114.8 | AH9: 108.49 | AI9: 103.86 | AJ9: 100.53 | AK9: 99.32 | AL9: 97.83 | AM9: 103.64 | AN9: 102.37 | AO9: 101.54
A10: AGO | B10: Angola | C10: =VLOOKUP(B:B,'Liste-Pays'!A:B,2,0) -> AFR | D10: 2 | E10: Climate Watch | F10: Total including LUCF | G10: All GHG | H10: MtCO₂e | I10: 139.42 | J10: 141.11 | K10: 139.08 | L10: 152.37 | M10: 143.7 | N10: 160.74 | O10: 160.64 | P10: 164.65 | Q10: 157.99 | R10: 158.2 | S10: 156.56 | T10: 155.93 | U10: 156.86 | V10: 151.04 | W10: 148.47 | X10: 142.06 | Y10: 134.17 | Z10: 136.59 | AA10: 133.3 | AB10: 128.47 | AC10: 121.73 | AD10: 118.63 | AE10: 92.63 | AF10: 99.08 | AG10: 101.29 | AH10: 91.16 | AI10: 91.81 | AJ10: 88.32 | AK10: 83.82 | AL10: 80.78 | AM10: 78.08 | AN10: 76.69 | AO10: 76.01
A11: TCD | B11: Chad | C11: =VLOOKUP(B:B,'Liste-Pays'!A:B,2,0) -> AFR | D11: 2 | E11: Climate Watch | F11: Total including LUCF | G11: All GHG | H11: MtCO₂e | I11: 122.33 | J11: 117.87 | K11: 114.31 | L11: 108.85 | M11: 106.02 | N11: 101.29 | O11: 99.69 | P11: 97.12 | Q11: 91.52 | R11: 88.92 | S11: 87.15 | T11: 82.91 | U11: 71.23 | V11: 66.81 | W11: 66.3 | X11: 65.73 | Y11: 62.9 | Z11: 60.92 | AA11: 58.89 | AB11: 54.79 | AC11: 53.87 | AD11: 51.13 | AE11: 48.53 | AF11: 48.29 | AG11: 45.72 | AH11: 40.43 | AI11: 38.75 | AJ11: 34.79 | AK11: 33.81 | AL11: 32.84 | AM11: 31.9 | AN11: 30.88 | AO11: 24.22
A12: MOZ | B12: Mozambique | C12: =VLOOKUP(B:B,'Liste-Pays'!A:B,2,0) -> AFR | D12: 2 | E12: Climate Watch | F12: Total including LUCF | G12: All GHG | H12: MtCO₂e | I12: 119.49 | J12: 114.7 | K12: 112.05 | L12: 115.1 | M12: 121.02 | N12: 116.7 | O12: 117.22 | P12: 106.32 | Q12: 108.26 | R12: 108.1 | S12: 105.97 | T12: 99.83 | U12: 109.28 | V12: 99.6 | W12: 104.91 | X12: 101.83 | Y12: 102.99 | Z12: 104.03 | AA12: 99.98 | AB12: 98.9 | AC12: 93.35 | AD12: 96.44 | AE12: 74.26 | AF12: 75.63 | AG12: 76.61 | AH12: 72.68 | AI12: 74.78 | AJ12: 90.2 | AK12: 89.69 | AL12: 89.43 | AM12: 88.77 | AN12: 88.19 | AO12: 88.46
A13: ZWE | B13: Zimbabwe | C13: =VLOOKUP(B:B,'Liste-Pays'!A:B,2,0) -> AFR | D13: 2 | E13: Climate Watch | F13: Total including LUCF | G13: All GHG | H13: MtCO₂e | I13: 114.97 | J13: 113.09 | K13: 111.37 | L13: 114.16 | M13: 115.37 | N13: 113.65 | O13: 113.97 | P13: 40.6 | Q13: 38.93 | R13: 40.81 | S13: 41.32 | T13: 45.12 | U13: 38.57 | V13: 35.53 | W13: 34.82 | X13: 36.67 | Y13: 36.05 | Z13: 37.4 | AA13: 37.01 | AB13: 37.1 | AC13: 39.73 | AD13: 43.3 | AE13: 41.93 | AF13: 48.55 | AG13: 46.11 | AH13: 44.72 | AI13: 45.52 | AJ13: 43.41 | AK13: 43.51 | AL13: 44.02 | AM13: 47.47 | AN13: 46.39 | AO13: 46.09
A14: MAR | B14: Morocco | C14: =VLOOKUP(B:B,'Liste-Pays'!A:B,2,0) -> AFR | D14: 2 | E14: Climate Watch | F14: Total including LUCF | G14: All GHG | H14: MtCO₂e | I14: 101.02 | J14: 102.31 | K14: 95.5 | L14: 99.57 | M14: 92.7 | N14: 91.04 | O14: 86.64 | P14: 87.97 | Q14: 85.58 | R14: 84.08 | S14: 83.64 | T14: 85.99 | U14: 82.1 | V14: 77.08 | W14: 75.84 | X14: 71.35 | Y14: 69.15 | Z14: 66.2 | AA14: 62.63 | AB14: 55.28 | AC14: 53.88 | AD14: 50.97 | AE14: 45.55 | AF14: 44.34 | AG14: 42.16 | AH14: 41.26 | AI14: 39.3 | AJ14: 38.69 | AK14: 37.95 | AL14: 34.75 | AM14: 34.44 | AN14: 32.79 | AO14: 31.58
A15: ZMB | B15: Zambia | C15: =VLOOKUP(B:B,'Liste-Pays'!A:B,2,0) -> AFR | D15: 2 | E15: Climate Watch | F15: Total including LUCF | G15: All GHG | H15: MtCO₂e | I15: 99.02 | J15: 96.55 | K15: 99.06 | L15: 102.63 | M15: 101.36 | N15: 102.13 | O15: 100.75 | P15: 101.59 | Q15: 95.64 | R15: 95.46 | S15: 95.29 | T15: 92.03 | U15: 76.81 | V15: 67.51 | W15: 71.11 | X15: 67.08 | Y15: 64.55 | Z15: 71.72 | AA15: 70.21 | AB15: 68.28 | AC15: 59.5 | AD15: 56.86 | AE15: 48.4 | AF15: 51.92 | AG15: 53.42 | AH15: 52.07 | AI15: 51.46 | AJ15: 63.38 | AK15: 63.46 | AL15: 64.03 | AM15: 64.35 | AN15: 64.04 | AO15: 63.64
... A50: STP | B50: São Tomé and Principe | C50: =VLOOKUP(B:B,'Liste-Pays'!A:B,2,0) -> AFR | D50: 2 | E50: Climate Watch | F50: Total including LUCF | G50: All GHG | H50: MtCO₂e | I50: 0.42 | J50: 0.41 | K50: 0.4 | L50: 0.4 | M50: 0.41 | N50: 0.41 | O50: 0.41 | P50: 0.39 | Q50: 0.38 | R50: 0.36 | S50: 0.36 | T50: 0.35 | U50: 0.15 | V50: 0.13 | W50: 0.13 | X50: 0.12 | Y50: 0.12 | Z50: 0.11 | AA50: 0.11 | AB50: 0.1 | AC50: 0.09 | AD50: 0.08 | AE50: 0.08 | AF50: 0.08 | AG50: 0.08 | AH50: 0.08 | AI50: 0.08 | AJ50: 0.08 | AK50: 0.07 | AL50: 0.07 | AM50: 0.07 | AN50: 0.07 | AO50: 0.07
A51: SDN | B51: Sudan | C51: =VLOOKUP(B:B,'Liste-Pays'!A:B,2,0) -> AFR | E51: Climate Watch | F51: Total including LUCF | G51: All GHG | H51: MtCO₂e | I51: 133.01 | J51: 135.12 | K51: 133.48 | L51: 134.23 | M51: 133.88 | N51: 133.23 | O51: 133.36 | P51: 130.79 | Q51: 127.35 | R51: 126.42 | S51: 125.61 | T51: 123.88 | U51: 121.15 | V51: 123.03 | W51: 121.31 | X51: 121.06 | Y51: 115.51 | Z51: 116.09 | AA51: 110.82 | AB51: 107.22 | AC51: 104.82 | AD51: 99.38 | AE51: 111.15 | AF51: 110.8 | AG51: 106.27 | AH51: 99.11 | AI51: 91.01 | AJ51: 85.35 | AK51: 84.03 | AL51: 78.97 | AM51: 76.75 | AN51: 72.83 | AO51: 71.95
A52: LSO | B52: Lesotho | C52: =VLOOKUP(B:B,'Liste-Pays'!A:B,2,0) -> AFR | E52: Climate Watch | F52: Total including LUCF | G52: All GHG | H52: MtCO₂e | I52: 3.86 | J52: 4.51 | K52: 3.21 | L52: 3.71 | M52: 3.83 | N52: 4.12 | O52: 3.69 | P52: 3.74 | Q52: 3.96 | R52: 3.84 | S52: 4.67 | T52: 4.64 | U52: 3.88 | V52: 3.85 | W52: 3.73 | X52: 3.77 | Y52: 3.67 | Z52: 3.72 | AA52: 3.53 | AB52: 3.56 | AC52: 3.48 | AD52: 3.67 | AE52: 3.66 | AF52: 3.73 | AG52: 3.24 | AH52: 3.36 | AI52: 3.24 | AJ52: 3.23 | AK52: 3.31 | AL52: 3.28 | AM52: 3.27 | AN52: 3.06 | AO52: 3.01
A53: SWZ | B53: Eswatini | C53: =VLOOKUP(B:B,'Liste-Pays'!A:B,2,0) -> AFR | E53: Climate Watch | F53: Total including LUCF | G53: All GHG | H53: MtCO₂e | I53: 3.07 | J53: 2.94 | K53: 2.87 | L53: 3.1 | M53: 2.94 | N53: 2.97 | O53: 3.01 | P53: 2.93 | Q53: 2.96 | R53: 2.93 | S53: 2.76 | T53: 2.76 | U53: 2.83 | V53: 3.09 | W53: 3.26 | X53: 3.36 | Y53: 3.1 | Z53: 3.18 | AA53: 3.2 | AB53: 3.19 | AC53: 3.17 | AD53: 3.09 | AE53: 3.27 | AF53: 3.48 | AG53: 3.48 | AH53: 3.34 | AI53: 3.32 | AJ53: 3.57 | AK53: 3.62 | AL53: 2.87 | AM53: 3.18 | AN53: 3.33 | AO53: 3.33
C54: Total AFR | I54: =SUBTOTAL(9,I2:I53) -> 0 | J54: =SUBTOTAL(9,J2:J53) -> 0 | K54: =SUBTOTAL(9,K2:K53) -> 0 | L54: =SUBTOTAL(9,L2:L53) -> 0 | M54: =SUBTOTAL(9,M2:M53) -> 0 | N54: =SUBTOTAL(9,N2:N53) -> 0 | O54: =SUBTOTAL(9,O2:O53) -> 0 | P54: =SUBTOTAL(9,P2:P53) -> 0 | ... AO54: =SUBTOTAL(9,AO2:AO53) -> 0
A55: NAM | B55: Namibia | C55: =VLOOKUP(B:B,'Liste-Pays'!A:B,2,0) -> AFR-EXCLUDED | E55: Climate Watch | F55: Total including LUCF | G55: All GHG | H55: MtCO₂e | I55: 22.23 | J55: 24.51 | K55: 23.46 | L55: 20.8 | M55: 21.76 | N55: 22.6 | O55: 22.53 | P55: 21.7 | Q55: 21.46 | R55: 22.27 | S55: 29.69 | T55: 28.13 | U55: 22.92 | V55: 24.17 | W55: 21.08 | X55: 22.58 | Y55: 23.32 | Z55: 21.99 | AA55: 21.13 | AB55: 20.62 | AC55: 20.01 | AD55: 21.16 | AE55: 21.53 | AF55: 20.75 | AG55: 20.72 | AH55: 20.01 | AI55: 20.16 | AJ55: 20.24 | AK55: 20.13 | AL55: 19.84 | AM55: 19.88 | AN55: 19.93
A56: COM | B56: Comoros | C56: =VLOOKUP(B:B,'Liste-Pays'!A:B,2,0) -> AFR-EXCLUDED | D56: 2 | E56: Climate Watch | F56: Total including LUCF | G56: All GHG | H56: MtCO₂e | I56: 0.75 | J56: 0.71 | K56: 0.58 | L56: 0.52 | M56: 0.49 | N56: 0.46 | O56: 0.4 | P56: 0.37 | Q56: 0.36 | R56: 0.38 | S56: 0.34 | T56: 0.33 | U56: 0.35 | V56: 0.33 | W56: 0.31 | X56: 0.3 | Y56: 0.36 | Z56: 0.38 | AA56: 0.35 | AB56: 0.33 | AC56: 0.31 | AD56: 0.31 | AE56: 0.3 | AF56: 0.31 | AG56: 0.3 | AH56: 0.29 | AI56: 0.28 | AJ56: 0.28 | AK56: 0.28 | AL56: 0.27 | AM56: 0.27 | AN56: 0.27 | AO56: 0.33
C57: Total AFR-EXCLUDED | I57: =SUBTOTAL(9,I55:I56) -> 0 | J57: =SUBTOTAL(9,J55:J56) -> 0 | K57: =SUBTOTAL(9,K55:K56) -> 0 | L57: =SUBTOTAL(9,L55:L56) -> 0 | M57: =SUBTOTAL(9,M55:M56) -> 0 | N57: =SUBTOTAL(9,N55:N56) -> 0 | O57: =SUBTOTAL(9,O55:O56) -> 0 | P57: =SUBTOTAL(9,P55:P56) -> 0 | ... AO57: =SUBTOTAL(9,AO55:AO56) -> 0
A58: AUS | B58: Australia | C58: =VLOOKUP(B:B,'Liste-Pays'!A:B,2,0) -> AUS | D58: 1 | E58: Climate Watch | F58: Total including LUCF | G58: All GHG | H58: MtCO₂e | I58: 585.05 | J58: 587.82 | K58: 590.9 | L58: 638.61 | M58: 651.07 | N58: 652.25 | O58: 605.86 | P58: 599.09 | Q58: 601.7 | R58: 584.34 | S58: 666.93 | T58: 663.98 | U58: 623.43 | V58: 642.72 | W58: 624.37 | X58: 654.9 | Y58: 653.75 | Z58: 607.26 | AA58: 643.93 | AB58: 593.28 | AC58: 669.81 | AD58: 673.81 | AE58: 667.4 | AF58: 647.7 | AG58: 607.2 | AH58: 581.41 | AI58: 569.56 | AJ58: 568.79 | AK58: 562.01 | AL58: 555.79 | AM58: 552.77 | AN58: 553.01 | AO58: 551.6
A59: NZL | B59: New Zealand | C59: =VLOOKUP(B:B,'Liste-Pays'!A:B,2,0) -> AUS | D59: 1 | E59: Climate Watch | F59: Total including LUCF | G59: All GHG | H59: MtCO₂e | I59: 68.8 | J59: 71.63 | K59: 71.52 | L59: 74.45 | M59: 73.39 | N59: 74.58 | O59: 73.09 | P59: 68.16 | Q59: 69.04 | R59: 68.3 | S59: 68.87 | T59: 66.19 | U59: 60.87 | V59: 60.76 | W59: 63.62 | X59: 63.62 | Y59: 64.87 | Z59: 64.84 | AA59: 63.48 | AB59: 63.98 | AC59: 61.64 | AD59: 60.53 | AE59: 54.73 | AF59: 54.52 | AG59: 52.33 | AH59: 54.1 | AI59: 51.59 | AJ59: 51.17 | AK59: 49.8 | AL59: 48.19 | AM59: 48.95 | AN59: 48.15 | AO59: 48.47
C60: Total AUS | I60: =SUBTOTAL(9,I58:I59) -> 0 | J60: =SUBTOTAL(9,J58:J59) -> 0 | K60: =SUBTOTAL(9,K58:K59) -> 0 | L60: =SUBTOTAL(9,L58:L59) -> 0 | M60: =SUBTOTAL(9,M58:M59) -> 0 | N60: =SUBTOTAL(9,N58:N59) -> 0 | O60: =SUBTOTAL(9,O58:O59) -> 0 | P60: =SUBTOTAL(9,P58:P59) -> 0 | ... AO60: =SUBTOTAL(9,AO58:AO59) -> 0
A61: CAN | B61: Canada | C61: =VLOOKUP(B:B,'Liste-Pays'!A:B,2,0) -> CAN | D61: 1 | E61: Climate Watch | F61: Total including LUCF | G61: All GHG | H61: MtCO₂e | I61: 760.62 | J61: 746.07 | K61: 734.2 | L61: 790.71 | M61: 799.14 | N61: 779.21 | O61: 761.76 | P61: 866.02 | Q61: 870.02 | R61: 861.61 | S61: 847.87 | T61: 847.36 | U61: 997.85 | V61: 979.44 | W61: 1014.14 | X61: 1036.27 | Y61: 1004.8 | Z61: 1014.62 | AA61: 1000.65 | AB61: 1010.85 | AC61: 988.61 | AD61: 967.22 | AE61: 741.76 | AF61: 723.86 | AG61: 724.19 | AH61: 706.9 | AI61: 695.07 | AJ61: 673.97 | AK61: 658.16 | AL61: 640.28 | AM61: 644 | AN61: 630.19 | AO61: 634.47
C62: Total CAN | I62: =SUBTOTAL(9,I61:I61) -> 0 | J62: =SUBTOTAL(9,J61:J61) -> 0 | K62: =SUBTOTAL(9,K61:K61) -> 0 | L62: =SUBTOTAL(9,L61:L61) -> 0 | M62: =SUBTOTAL(9,M61:M61) -> 0 | N62: =SUBTOTAL(9,N61:N61) -> 0 | O62: =SUBTOTAL(9,O61:O61) -> 0 | P62: =SUBTOTAL(9,P61:P61) -> 0 | ... AO62: =SUBTOTAL(9,AO61:AO61) -> 0
A63: CHN | B63: China | C63: =VLOOKUP(B:B,'Liste-Pays'!A:B,2,0) -> CHI | D63: 2 | E63: Climate Watch | F63: Total including LUCF | G63: All GHG | H63: MtCO₂e | I63: 12851.84 | J63: 12852.14 | K63: 12263.69 | L63: 12109.18 | M63: 11868.7 | N63: 11376.55 | O63: 11135.02 | P63: 11085.85 | Q63: 11237.61 | R63: 11175.26 | S63: 10693.51 | T63: 10408.9 | U63: 9916.32 | V63: 9095.23 | W63: 8533.37 | X63: 8289.28 | Y63: 7701.68 | Z63: 7038.18 | AA63: 6269.19 | AB63: 5512.24 | AC63: 4849.11 | AD63: 4557.76 | AE63: 4362.72 | AF63: 4195.59 | AG63: 4262.67 | AH63: 4154.19 | AI63: 4164.03 | AJ63: 4148.03 | AK63: 3751.23 | AL63: 3581.08 | AM63: 3338.53 | AN63: 3196.9 | AO63: 3049.87
C64: Total CHI | I64: =SUBTOTAL(9,I63:I63) -> 0 | J64: =SUBTOTAL(9,J63:J63) -> 0 | K64: =SUBTOTAL(9,K63:K63) -> 0 | L64: =SUBTOTAL(9,L63:L63) -> 0 | M64: =SUBTOTAL(9,M63:M63) -> 0 | N64: =SUBTOTAL(9,N63:N63) -> 0 | O64: =SUBTOTAL(9,O63:O63) -> 0 | P64: =SUBTOTAL(9,P63:P63) -> 0 | ... AO64: =SUBTOTAL(9,AO63:AO63) -> 0
A65: LCA | B65: Saint Lucia | C65: =VLOOKUP(B:B,'Liste-Pays'!A:B,2,0) -> CSA | D65: 2 | E65: Climate Watch | F65: Total including LUCF | G65: All GHG | H65: MtCO₂e | I65: 0.48 | J65: 0.45 | K65: 0.42 | L65: 0.44 | M65: 0.45 | N65: 0.45 | O65: 0.43 | P65: 0.42 | Q65: 0.43 | R65: 0.43 | S65: 0.43 | T65: 0.42 | U65: 0.54 | V65: 0.48 | W65: 0.47 | X65: 0.47 | Y65: 0.46 | Z65: 0.43 | AA65: 0.44 | AB65: 0.41 | AC65: 0.39 | AD65: 0.4 | AE65: 0.36 | AF65: 0.48 | AG65: 0.58 | AH65: 0.66 | AI65: 0.77 | AJ65: 0.87 | AK65: 0.97 | AL65: 0.17 | AM65: 0.15 | AN65: 0.13 | AO65: 0.12
A66: VCT | B66: Saint Vincent and the Grenadines | C66: =VLOOKUP(B:B,'Liste-Pays'!A:B,2,0) -> CSA | D66: 2 | E66: Climate Watch | F66: Total including LUCF | G66: All GHG | H66: MtCO₂e | I66: 0.29 | J66: 0.28 | K66: 0.28 | L66: 0.27 | M66: 0.29 | N66: 0.26 | O66: 0.29 | P66: 0.28 | Q66: 0.3 | R66: 0.26 | S66: 0.28 | T66: 0.26 | U66: 0.27 | V66: 0.33 | W66: 0.27 | X66: 0.28 | Y66: 0.26 | Z66: 0.26 | AA66: 0.33 | AB66: 0.31 | AC66: 0.3 | AD66: 0.3 | AE66: 0.22 | AF66: 0.23 | AG66: 0.22 | AH66: 0.18 | AI66: 0.17 | AJ66: 0.17 | AK66: 0.16 | AL66: 0.15 | AM66: 0.12 | AN66: 0.12 | AO66: 0.12
A67: KNA | B67: Saint Kitts and Nevis | C67: =VLOOKUP(B:B,'Liste-Pays'!A:B,2,0) -> CSA | D67: 2 | E67: Climate Watch | F67: Total including LUCF | G67: All GHG | H67: MtCO₂e | I67: 0.28 | J67: 0.26 | K67: 0.26 | L67: 0.27 | M67: 0.27 | N67: 0.27 | O67: 0.27 | P67: 0.26 | Q67: 0.25 | R67: 0.25 | S67: 0.25 | T67: 0.27 | U67: 0.26 | V67: 0.26 | W67: 0.25 | X67: 0.26 | Y67: 0.24 | Z67: 0.23 | AA67: 0.25 | AB67: 0.23 | AC67: 0.23 | AD67: 0.22 | AE67: 0.21 | AF67: 0.2 | AG67: 0.19 | AH67: 0.17 | AI67: 0.17 | AJ67: 0.16 | AK67: 0.21 | AL67: 0.14 | AM67: 0.14 | AN67: 0.14 | AO67: 0.14
A68: BRA | B68: Brazil | C68: =VLOOKUP(B:B,'Liste-Pays'!A:B,2,0) -> CSA | D68: 2 | E68: Climate Watch | F68: Total including LUCF | G68: All GHG | H68: MtCO₂e | I68: 1597.22 | J68: 1598.81 | K68: 1537.1 | L68: 1533.43 | M68: 1509.63 | N68: 1550.01 | O68: 1524.43 | P68: 1437.66 | Q68: 1450.3 | R68: 1410.09 | S68: 1384.67 | T68: 1339.37 | U68: 2178.84 | V68: 2069.71 | W68: 2095.86 | X68: 2095.14 | Y68: 2055.61 | Z68: 2066.93 | AA68: 2048.86 | AB68: 1999.09 | AC68: 1982.84 | AD68: 1942.16 | AE68: 1847.49 | AF68: 1845.11 | AG68: 1833.46 | AH68: 1796.6 | AI68: 1764.33 | AJ68: 1761.52 | AK68: 1734.63 | AL68: 1717.63 | AM68: 1707.24 | AN68: 1696.97 | AO68: 1675.44
A69: ARG | B69: Argentina | C69: =VLOOKUP(B:B,'Liste-Pays'!A:B,2,0) -> CSA | D69: 2 | E69: Climate Watch | F69: Total including LUCF | G69: All GHG | H69: MtCO₂e | I69: 431.09 | J69: 410.31 | K69: 394.51 | L69: 409.17 | M69: 412.59 | N69: 415.03 | O69: 410.86 | P69: 444.85 | Q69: 439.33 | R69: 441.69 | S69: 434.46 | T69: 429.06 | U69: 449.34 | V69: 445.64 | W69: 466.66 | X69: 462.78 | Y69: 451.1 | Z69: 437.35 | AA69: 433.43 | AB69: 416.43 | AC69: 393.72 | AD69: 395.04 | AE69: 352.61 | AF69: 354.47 | AG69: 346.95 | AH69: 342.39 | AI69: 337.33 | AJ69: 325.94 | AK69: 322.8 | AL69: 319.16 | AM69: 318.02 | AN69: 312.72 | AO69: 308.31
A70: COL | B70: Colombia | C70: =VLOOKUP(B:B,'Liste-Pays'!A:B,2,0) -> CSA | D70: 2 | E70: Climate Watch | F70: Total including LUCF | G70: All GHG | H70: MtCO₂e | I70: 300.94 | J70: 303.52 | K70: 292.4 | L70: 298.23 | M70: 295.55 | N70: 286.91 | O70: 289.72 | P70: 258.45 | Q70: 260.09 | R70: 256.89 | S70: 247.32 | T70: 248.38 | U70: 266.6 | V70: 258.7 | W70: 252.86 | X70: 248.76 | Y70: 240.75 | Z70: 239.38 | AA70: 237.05 | AB70: 234.56 | AC70: 231.55 | AD70: 234.25 | AE70: 244.15 | AF70: 240.01 | AG70: 251.86 | AH70: 249.77 | AI70: 243.23 | AJ70: 242.83 | AK70: 237.92 | AL70: 235.06 | AM70: 229.98 | AN70: 226.5 | AO70: 225.35
A71: VEN | B71: Venezuela | C71: =VLOOKUP(B:B,'Liste-Pays'!A:B,2,0) -> CSA | D71: 2 | E71: Climate Watch | F71: Total including LUCF | G71: All GHG | H71: MtCO₂e | I71: 267.66 | J71: 241.59 | K71: 240.16 | L71: 324.61 | M71: 385.12 | N71: 441.77 | O71: 484.9 | P71: 585.83 | Q71: 611.98 | R71: 619.88 | S71: 618.44 | T71: 587.94 | U71: 570.88 | V71: 570.56 | W71: 587.49 | X71: 570.32 | Y71: 575.82 | Z71: 578.87 | AA71: 554.25 | AB71: 521.57 | AC71: 542.86 | AD71: 567.47 | AE71: 618.5 | AF71: 598.12 | AG71: 627.31 | AH71: 628.74 | AI71: 604.1 | AJ71: 567.01 | AK71: 532.83 | AL71: 523.41 | AM71: 512.95 | AN71: 509.6 | AO71: 487.24
A72: PER | B72: Peru | C72: =VLOOKUP(B:B,'Liste-Pays'!A:B,2,0) -> CSA | D72: 2 | E72: Climate Watch | F72: Total including LUCF | G72: All GHG | H72: MtCO₂e | I72: 202.62 | J72: 197.68 | K72: 184.48 | L72: 194.84 | M72: 191.6 | N72: 191.1 | O72: 193.69 | P72: 190.23 | Q72: 188.78 | R72: 184.61 | S72: 182.51 | T72: 182.79 | U72: 154.81 | V72: 149.98 | W72: 145.75 | X72: 140.65 | Y72: 136.63 | Z72: 137.31 | AA72: 135.42 | AB72: 131.43 | AC72: 131.38 | AD72: 129.4 | AE72: 126.2 | AF72: 125.51 | AG72: 121.26 | AH72: 119.94 | AI72: 118.95 | AJ72: 115.19 | AK72: 110.18 | AL72: 108.23 | AM72: 106.68 | AN72: 105.39 | AO72: 106.7
A73: BOL | B73: Bolivia | C73: =VLOOKUP(B:B,'Liste-Pays'!A:B,2,0) -> CSA | D73: 2 | E73: Climate Watch | F73: Total including LUCF | G73: All GHG | H73: MtCO₂e | I73: 137.66 | J73: 138.8 | K73: 133.47 | L73: 141.16 | M73: 128.44 | N73: 128.06 | O73: 129.95 | P73: 119.14 | Q73: 115.53 | R73: 115.35 | S73: 115.71 | T73: 115.36 | U73: 130.79 | V73: 104.22 | W73: 106.21 | X73: 112.77 | Y73: 106.58 | Z73: 104.78 | AA73: 110.77 | AB73: 95.21 | AC73: 99.11 | AD73: 92.29 | AE73: 112.17 | AF73: 122.53 | AG73: 116.53 | AH73: 116.62 | AI73: 114.04 | AJ73: 114.48 | AK73: 116.14 | AL73: 117.13 | AM73: 118.49 | AN73: 117.66 | AO73: 116.45
A74: ECU | B74: Ecuador | C74: =VLOOKUP(B:B,'Liste-Pays'!A:B,2,0) -> CSA | D74: 2 | E74: Climate Watch | F74: Total including LUCF | G74: All GHG | H74: MtCO₂e | I74: 98.2 | J74: 95.72 | K74: 91.42 | L74: 98.45 | M74: 97.83 | N74: 97.18 | O74: 98.37 | P74: 90.48 | Q74: 92.32 | R74: 90.61 | S74: 87.5 | T74: 87.82 | U74: 99.42 | V74: 95.92 | W74: 92.93 | X74: 91.39 | Y74: 92.17 | Z74: 89.93 | AA74: 88.62 | AB74: 83.63 | AC74: 82.61 | AD74: 83.55 | AE74: 86.63 | AF74: 87.48 | AG74: 90.5 | AH74: 92.63 | AI74: 90.99 | AJ74: 87.02 | AK74: 84.75 | AL74: 81.62 | AM74: 80.07 | AN74: 77.83 | AO74: 77.35
A75: PRY | B75: Paraguay | C75: =VLOOKUP(B:B,'Liste-Pays'!A:B,2,0) -> CSA | D75: 2 | E75: Climate Watch | F75: Total including LUCF | G75: All GHG | H75: MtCO₂e | I75: 89.92 | J75: 93 | K75: 92.82 | L75: 92.73 | M75: 90.28 | N75: 91.92 | O75: 89.33 | P75: 110.41 | Q75: 110.97 | R75: 109.95 | S75: 109.42 | T75: 108.42 | U75: 95.6 | V75: 93.34 | W75: 91.31 | X75: 94.01 | Y75: 90.24 | Z75: 90.52 | AA75: 89.08 | AB75: 91.59 | AC75: 90.23 | AD75: 89.65 | AE75: 73.19 | AF75: 78.87 | AG75: 76 | AH75: 76.36 | AI75: 75.54 | AJ75: 76.06 | AK75: 74.36 | AL75: 74.17 | AM75: 73.59 | AN75: 74.1 | AO75: 76.87
A76: CHL | B76: Chile | C76: =VLOOKUP(B:B,'Liste-Pays'!A:B,2,0) -> CSA | D76: 2 | E76: Climate Watch | F76: Total including LUCF | G76: All GHG | H76: MtCO₂e | I76: 53.01 | J76: 51.41 | K76: 50.08 | L76: 56.81 | M76: 50.57 | N76: 51.62 | O76: 48.9 | P76: 21.43 | Q76: 15.26 | R76: 22.56 | S76: 19.25 | T76: 16.53 | U76: 54.54 | V76: 49.77 | W76: 52.44 | X76: 48.63 | Y76: 41.36 | Z76: 40.02 | AA76: 39.02 | AB76: 33.36 | AC76: 31.99 | AD76: 31.13 | AE76: 51.64 | AF76: 55.72 | AG76: 52.94 | AH76: 52.01 | AI76: 44.88 | AJ76: 38.56 | AK76: 34.9 | AL76: 30.88 | AM76: 28.23 | AN76: 26.58 | AO76: 27.71
... A96: DMA | B96: Dominica | C96: =VLOOKUP(B:B,'Liste-Pays'!A:B,2,0) -> CSA | D96: 2 | E96: Climate Watch | F96: Total including LUCF | G96: All GHG | H96: MtCO₂e | I96: 0.23 | J96: 0.22 | K96: 0.22 | L96: 0.23 | M96: 0.22 | N96: 0.23 | O96: 0.24 | P96: 0.26 | Q96: 0.24 | R96: 0.24 | S96: 0.24 | T96: 0.23 | U96: 0.24 | V96: 0.26 | W96: 0.24 | X96: 0.25 | Y96: 0.22 | Z96: 0.21 | AA96: 0.2 | AB96: 0.17 | AC96: 0.16 | AD96: 0.2 | AE96: 0.25 | AF96: 0.23 | AG96: 0.24 | AH96: 0.24 | AI96: 0.23 | AJ96: 0.26 | AK96: 0.26 | AL96: 0.18 | AM96: 0.18 | AN96: 0.18 | AO96: 0.18
C97: Total CSA | I97: =SUBTOTAL(9,I65:I96) -> 0 | J97: =SUBTOTAL(9,J65:J96) -> 0 | K97: =SUBTOTAL(9,K65:K96) -> 0 | L97: =SUBTOTAL(9,L65:L96) -> 0 | M97: =SUBTOTAL(9,M65:M96) -> 0 | N97: =SUBTOTAL(9,N65:N96) -> 0 | O97: =SUBTOTAL(9,O65:O96) -> 0 | P97: =SUBTOTAL(9,P65:P96) -> 0 | ... AO97: =SUBTOTAL(9,AO65:AO96) -> 0
A98: MKD | B98: North Macedonia | C98: =VLOOKUP(B:B,'Liste-Pays'!A:B,2,0) -> EEU | E98: Climate Watch | F98: Total including LUCF | G98: All GHG | H98: MtCO₂e | I98: 11.79 | J98: 11.05 | K98: 11.1 | L98: 12.24 | M98: 11.34 | N98: 11.85 | O98: 11.33 | P98: 11.46 | Q98: 11.72 | R98: 12.05 | S98: 12.99 | T98: 13.43 | U98: 12.47 | V98: 12.57 | W98: 13.26 | X98: 13.46 | Y98: 12.95 | Z98: 12.95 | AA98: 12.66 | AB98: 12.9 | AC98: 12.13 | AD98: 12.72 | AE98: 12.7 | AF98: 13 | AG98: 13.93 | AH98: 13.16 | AI98: 14.3 | AJ98: 12.72 | AK98: 12.8 | AL98: 12.96 | AM98: 12.62 | AN98: 13.08 | AO98: 13.43
A99: POL | B99: Poland | C99: =VLOOKUP(B:B,'Liste-Pays'!A:B,2,0) -> EEU | E99: Climate Watch | F99: Total including LUCF | G99: All GHG | H99: MtCO₂e | I99: 344.23 | J99: 359.16 | K99: 333.35 | L99: 350.72 | M99: 369.08 | N99: 371.06 | O99: 358.38 | P99: 353.57 | Q99: 351.2 | R99: 365.75 | S99: 372.72 | T99: 379.24 | U99: 339.57 | V99: 321.37 | W99: 339.09 | X99: 346.88 | Y99: 349.56 | Z99: 336.24 | AA99: 336.41 | AB99: 333.72 | AC99: 322.96 | AD99: 330.48 | AE99: 391.55 | AF99: 409.88 | AG99: 423.09 | AH99: 459.47 | AI99: 469.35 | AJ99: 456.98 | AK99: 455.57 | AL99: 461.33 | AM99: 461.96 | AN99: 473.02 | AO99: 477.58
A100: CZE | B100: Czech Republic | C100: =VLOOKUP(B:B,'Liste-Pays'!A:B,2,0) -> EEU | E100: Climate Watch | F100: Total including LUCF | G100: All GHG | H100: MtCO₂e | I100: 107.13 | J100: 108.61 | K100: 103.15 | L100: 112.89 | M100: 118.32 | N100: 119.54 | O100: 119.37 | P100: 119.96 | Q100: 118.18 | R100: 120.88 | S100: 126.21 | T100: 129.79 | U100: 129.18 | V100: 127.93 | W100: 134.36 | X100: 139.85 | Y100: 138.18 | Z100: 137.1 | AA100: 138.61 | AB100: 138.36 | AC100: 135.14 | AD100: 140.48 | AE100: 138.49 | AF100: 126.71 | AG100: 135.39 | AH100: 142.44 | AI100: 145.52 | AJ100: 141.29 | AK100: 142.56 | AL100: 149.67 | AM100: 156.58 | AN100: 161.72 | AO100: 178.21
A101: ROU | B101: Romania | C101: =VLOOKUP(B:B,'Liste-Pays'!A:B,2,0) -> EEU | E101: Climate Watch | F101: Total including LUCF | G101: All GHG | H101: MtCO₂e | I101: 79.09 | J101: 83.39 | K101: 77.62 | L101: 84.13 | M101: 85.62 | N101: 84.29 | O101: 80.95 | P101: -179.39 | Q101: -181.48 | R101: -180.87 | S101: -171.53 | T101: -168.84 | U101: 109.14 | V101: 112.29 | W101: 128.36 | X101: 130.45 | Y101: 133.26 | Z101: 129.81 | AA101: 130.37 | AB101: 132.62 | AC101: 127.67 | AD101: 130.06 | AE101: 128.54 | AF101: 124.53 | AG101: 140.43 | AH101: 156.8 | AI101: 168.86 | AJ101: 165.33 | AK101: 159.92 | AL101: 164.28 | AM101: 175.54 | AN101: 196.23 | AO101: 235.86
A102: HUN | B102: Hungary | C102: =VLOOKUP(B:B,'Liste-Pays'!A:B,2,0) -> EEU | E102: Climate Watch | F102: Total including LUCF | G102: All GHG | H102: MtCO₂e | I102: 60.86 | J102: 64.71 | K102: 63.34 | L102: 64.93 | M102: 64.94 | N102: 64.95 | O102: 62.77 | P102: 61.1 | Q102: 58.2 | R102: 58.3 | S102: 60.63 | T102: 64.21 | U102: 65.93 | V102: 65.91 | W102: 71.5 | X102: 72.89 | Y102: 75.39 | Z102: 76.09 | AA102: 76.85 | AB102: 78.13 | AC102: 75.65 | AD102: 77.21 | AE102: 74.63 | AF102: 77.62 | AG102: 76.92 | AH102: 77.02 | AI102: 78.64 | AJ102: 76.56 | AK102: 77.98 | AL102: 78.17 | AM102: 77.65 | AN102: 87.26 | AO102: 92.01
A103: SVK | B103: Slovakia | C103: =VLOOKUP(B:B,'Liste-Pays'!A:B,2,0) -> EEU | E103: Climate Watch | F103: Total including LUCF | G103: All GHG | H103: MtCO₂e | I103: 34.26 | J103: 36.95 | K103: 33.89 | L103: 36.02 | M103: 38.02 | N103: 38.71 | O103: 36.74 | P103: 29.42 | Q103: 29.13 | R103: 31.79 | S103: 31.28 | T103: 33.31 | U103: 34.19 | V103: 32.48 | W103: 36 | X103: 36.08 | Y103: 37.03 | Z103: 37.55 | AA103: 36.82 | AB103: 37.51 | AC103: 37.35 | AD103: 38.03 | AE103: 36.45 | AF103: 39.11 | AG103: 40.6 | AH103: 41.81 | AI103: 41.98 | AJ103: 42.04 | AK103: 41.55 | AL103: 44.44 | AM103: 47.15 | AN103: 49.76 | AO103: 57.8
A104: BIH | B104: Bosnia and Herzegovina | C104: =VLOOKUP(B:B,'Liste-Pays'!A:B,2,0) -> EEU | E104: Climate Watch | F104: Total including LUCF | G104: All GHG | H104: MtCO₂e | I104: 25.75 | J104: 25.22 | K104: 25.52 | L104: 25.5 | M104: 27.23 | N104: 27.09 | O104: 26.62 | P104: 21.93 | Q104: 21.7 | R104: 24.24 | S104: 24.64 | T104: 26.34 | U104: 27.47 | V104: 27.43 | W104: 27.48 | X104: 25.49 | Y104: 24.39 | Z104: 22.58 | AA104: 21.87 | AB104: 20.74 | AC104: 20.41 | AD104: 20.27 | AE104: 23.72 | AF104: 19.91 | AG104: 19.76 | AH104: 17.05 | AI104: 12.35 | AJ104: 11.55 | AK104: 11.7 | AL104: 22.16 | AM104: 25.46 | AN104: 31.26 | AO104: 33.99
A105: HRV | B105: Croatia | C105: =VLOOKUP(B:B,'Liste-Pays'!A:B,2,0) -> EEU | E105: Climate Watch | F105: Total including LUCF | G105: All GHG | H105: MtCO₂e | I105: 19.24 | J105: 18.92 | K105: 18.32 | L105: 19.1 | M105: 18.92 | N105: 20 | O105: 19.19 | P105: 21.84 | Q105: 21.18 | R105: 21.88 | S105: 22.86 | T105: 24.75 | U105: 25.65 | V105: 26.16 | W105: 28.51 | X105: 29.32 | Y105: 27.79 | Z105: 27.11 | AA105: 26.83 | AB105: 26.88 | AC105: 25.47 | AD105: 24.21 | AE105: 23.04 | AF105: 23.51 | AG105: 22.59 | AH105: 22.07 | AI105: 20.72 | AJ105: 20.21 | AK105: 19.79 | AL105: 20.65 | AM105: 20.9 | AN105: 21.61 | AO105: 27.82
A106: BGR | B106: Bulgaria | C106: =VLOOKUP(B:B,'Liste-Pays'!A:B,2,0) -> EEU | E106: Climate Watch | F106: Total including LUCF | G106: All GHG | H106: MtCO₂e | I106: 19.19 | J106: 17.06 | K106: 11.24 | L106: 16.38 | M106: 18.24 | N106: 21.56 | O106: 19.41 | P106: 44.03 | Q106: 41.59 | R106: 38.94 | S106: 44.06 | T106: 49.68 | U106: 32.43 | V106: 30.66 | W106: 38.09 | X106: 40.51 | Y106: 36.31 | Z106: 36.2 | AA106: 36.14 | AB106: 37.32 | AC106: 32.14 | AD106: 34.45 | AE106: 33.93 | AF106: 34.43 | AG106: 41.13 | AH106: 44.65 | AI106: 47.7 | AJ106: 46.99 | AK106: 45.6 | AL106: 49.54 | AM106: 51.01 | AN106: 56.71 | AO106: 73.7
